Year,Month,mean_temp_hadisst_gc,region_gc,mean_temp_hadisst_mdr,region_mdr
1870,1,24.576735,Gulf + Caribbean,24.077383,Atlantic MDR
1870,2,24.021276,Gulf + Caribbean,23.448612,Atlantic MDR
1870,3,24.253006,Gulf + Caribbean,23.42002,Atlantic MDR
1870,4,25.142134,Gulf + Caribbean,23.71541,Atlantic MDR
1870,5,26.280537,Gulf + Caribbean,24.353498,Atlantic MDR
1870,6,27.406754,Gulf + Caribbean,25.173365,Atlantic MDR
1870,7,28.224775,Gulf + Caribbean,25.81692,Atlantic MDR
1870,8,28.630392,Gulf + Caribbean,26.61475,Atlantic MDR
1870,9,28.72083,Gulf + Caribbean,27.070583,Atlantic MDR
1870,10,28.17805,Gulf + Caribbean,27.2419,Atlantic MDR
1870,11,27.094141,Gulf + Caribbean,26.6231,Atlantic MDR
1870,12,25.800167,Gulf + Caribbean,25.294975,Atlantic MDR
1871,1,24.52255,Gulf + Caribbean,24.084486,Atlantic MDR
1871,2,24.112787,Gulf + Caribbean,23.30283,Atlantic MDR
1871,3,24.371513,Gulf + Caribbean,23.574787,Atlantic MDR
1871,4,25.270615,Gulf + Caribbean,24.078205,Atlantic MDR
1871,5,26.586645,Gulf + Caribbean,24.70072,Atlantic MDR
1871,6,27.832876,Gulf + Caribbean,25.396824,Atlantic MDR
1871,7,28.41844,Gulf + Caribbean,25.933783,Atlantic MDR
1871,8,28.54449,Gulf + Caribbean,26.416075,Atlantic MDR
1871,9,28.433613,Gulf + Caribbean,26.657372,Atlantic MDR
1871,10,28.095503,Gulf + Caribbean,26.581722,Atlantic MDR
1871,11,27.31291,Gulf + Caribbean,26.18284,Atlantic MDR
1871,12,26.01781,Gulf + Caribbean,24.918926,Atlantic MDR
1872,1,24.92144,Gulf + Caribbean,23.742666,Atlantic MDR
1872,2,24.356445,Gulf + Caribbean,22.998686,Atlantic MDR
1872,3,24.493502,Gulf + Caribbean,23.279646,Atlantic MDR
1872,4,25.44793,Gulf + Caribbean,23.592855,Atlantic MDR
1872,5,26.420366,Gulf + Caribbean,24.265562,Atlantic MDR
1872,6,27.599628,Gulf + Caribbean,25.066313,Atlantic MDR
1872,7,28.242796,Gulf + Caribbean,25.645737,Atlantic MDR
1872,8,28.89224,Gulf + Caribbean,26.560385,Atlantic MDR
1872,9,28.756193,Gulf + Caribbean,26.926823,Atlantic MDR
1872,10,27.80648,Gulf + Caribbean,26.524918,Atlantic MDR
1872,11,26.711386,Gulf + Caribbean,25.78994,Atlantic MDR
1872,12,25.636848,Gulf + Caribbean,24.524164,Atlantic MDR
1873,1,24.83738,Gulf + Caribbean,23.641945,Atlantic MDR
1873,2,24.313046,Gulf + Caribbean,23.136036,Atlantic MDR
1873,3,24.3991,Gulf + Caribbean,23.112154,Atlantic MDR
1873,4,25.29314,Gulf + Caribbean,23.688726,Atlantic MDR
1873,5,26.285511,Gulf + Caribbean,24.11302,Atlantic MDR
1873,6,27.399708,Gulf + Caribbean,24.91277,Atlantic MDR
1873,7,28.208805,Gulf + Caribbean,25.653547,Atlantic MDR
1873,8,28.747265,Gulf + Caribbean,26.425488,Atlantic MDR
1873,9,28.585823,Gulf + Caribbean,26.902029,Atlantic MDR
1873,10,27.831518,Gulf + Caribbean,26.75621,Atlantic MDR
1873,11,26.575893,Gulf + Caribbean,26.159319,Atlantic MDR
1873,12,25.45004,Gulf + Caribbean,24.94791,Atlantic MDR
1874,1,24.758812,Gulf + Caribbean,23.92084,Atlantic MDR
1874,2,24.214842,Gulf + Caribbean,23.239182,Atlantic MDR
1874,3,24.542118,Gulf + Caribbean,23.364605,Atlantic MDR
1874,4,25.164425,Gulf + Caribbean,23.807325,Atlantic MDR
1874,5,26.493652,Gulf + Caribbean,24.616047,Atlantic MDR
1874,6,27.62891,Gulf + Caribbean,25.338497,Atlantic MDR
1874,7,28.358244,Gulf + Caribbean,25.827219,Atlantic MDR
1874,8,28.598919,Gulf + Caribbean,26.38376,Atlantic MDR
1874,9,28.494818,Gulf + Caribbean,26.633661,Atlantic MDR
1874,10,27.77775,Gulf + Caribbean,26.465263,Atlantic MDR
1874,11,26.50735,Gulf + Caribbean,25.742744,Atlantic MDR
1874,12,25.331285,Gulf + Caribbean,24.677364,Atlantic MDR
1875,1,24.46786,Gulf + Caribbean,23.78088,Atlantic MDR
1875,2,24.352201,Gulf + Caribbean,23.366001,Atlantic MDR
1875,3,24.733433,Gulf + Caribbean,23.545755,Atlantic MDR
1875,4,25.513351,Gulf + Caribbean,23.764315,Atlantic MDR
1875,5,26.884243,Gulf + Caribbean,24.638334,Atlantic MDR
1875,6,27.921162,Gulf + Caribbean,25.256174,Atlantic MDR
1875,7,28.28496,Gulf + Caribbean,25.683172,Atlantic MDR
1875,8,28.769865,Gulf + Caribbean,26.367739,Atlantic MDR
1875,9,28.827831,Gulf + Caribbean,26.975319,Atlantic MDR
1875,10,28.040724,Gulf + Caribbean,26.859076,Atlantic MDR
1875,11,26.896914,Gulf + Caribbean,26.341143,Atlantic MDR
1875,12,25.536596,Gulf + Caribbean,25.03725,Atlantic MDR
1876,1,24.674335,Gulf + Caribbean,24.099958,Atlantic MDR
1876,2,24.166414,Gulf + Caribbean,23.341665,Atlantic MDR
1876,3,24.425827,Gulf + Caribbean,23.515627,Atlantic MDR
1876,4,25.099833,Gulf + Caribbean,23.755894,Atlantic MDR
1876,5,26.534817,Gulf + Caribbean,24.31644,Atlantic MDR
1876,6,27.674894,Gulf + Caribbean,25.058435,Atlantic MDR
1876,7,28.30552,Gulf + Caribbean,25.850082,Atlantic MDR
1876,8,28.862116,Gulf + Caribbean,26.60081,Atlantic MDR
1876,9,28.781002,Gulf + Caribbean,26.892267,Atlantic MDR
1876,10,28.197311,Gulf + Caribbean,26.992256,Atlantic MDR
1876,11,26.94405,Gulf + Caribbean,26.52963,Atlantic MDR
1876,12,25.7444,Gulf + Caribbean,25.48112,Atlantic MDR
1877,1,24.687262,Gulf + Caribbean,24.461605,Atlantic MDR
1877,2,24.560553,Gulf + Caribbean,24.06495,Atlantic MDR
1877,3,24.741268,Gulf + Caribbean,24.11527,Atlantic MDR
1877,4,25.416119,Gulf + Caribbean,24.498999,Atlantic MDR
1877,5,26.64601,Gulf + Caribbean,24.93758,Atlantic MDR
1877,6,27.83313,Gulf + Caribbean,25.725288,Atlantic MDR
1877,7,28.363478,Gulf + Caribbean,26.285795,Atlantic MDR
1877,8,28.677813,Gulf + Caribbean,26.93718,Atlantic MDR
1877,9,28.913755,Gulf + Caribbean,27.55706,Atlantic MDR
1877,10,28.480738,Gulf + Caribbean,27.39107,Atlantic MDR
1877,11,27.433567,Gulf + Caribbean,26.724895,Atlantic MDR
1877,12,26.05336,Gulf + Caribbean,25.6032,Atlantic MDR
1878,1,24.997559,Gulf + Caribbean,24.637764,Atlantic MDR
1878,2,24.421978,Gulf + Caribbean,24.169466,Atlantic MDR
1878,3,24.74409,Gulf + Caribbean,24.385958,Atlantic MDR
1878,4,25.454988,Gulf + Caribbean,24.814983,Atlantic MDR
1878,5,26.854334,Gulf + Caribbean,25.609867,Atlantic MDR
1878,6,28.124329,Gulf + Caribbean,26.203623,Atlantic MDR
1878,7,28.832129,Gulf + Caribbean,26.710918,Atlantic MDR
1878,8,29.23448,Gulf + Caribbean,27.325031,Atlantic MDR
1878,9,29.194353,Gulf + Caribbean,27.629877,Atlantic MDR
1878,10,28.392693,Gulf + Caribbean,27.456955,Atlantic MDR
1878,11,27.032782,Gulf + Caribbean,26.906313,Atlantic MDR
1878,12,25.88921,Gulf + Caribbean,25.918976,Atlantic MDR
1879,1,24.983318,Gulf + Caribbean,24.92318,Atlantic MDR
1879,2,24.415693,Gulf + Caribbean,23.958305,Atlantic MDR
1879,3,24.458065,Gulf + Caribbean,23.724009,Atlantic MDR
1879,4,25.19069,Gulf + Caribbean,23.993656,Atlantic MDR
1879,5,26.535532,Gulf + Caribbean,24.774027,Atlantic MDR
1879,6,27.896292,Gulf + Caribbean,25.436504,Atlantic MDR
1879,7,28.588861,Gulf + Caribbean,25.942265,Atlantic MDR
1879,8,28.752474,Gulf + Caribbean,26.335083,Atlantic MDR
1879,9,28.906876,Gulf + Caribbean,26.88496,Atlantic MDR
1879,10,28.094604,Gulf + Caribbean,26.79883,Atlantic MDR
1879,11,26.906633,Gulf + Caribbean,26.369867,Atlantic MDR
1879,12,25.691124,Gulf + Caribbean,25.474354,Atlantic MDR
1880,1,24.530228,Gulf + Caribbean,24.392275,Atlantic MDR
1880,2,24.387098,Gulf + Caribbean,23.816652,Atlantic MDR
1880,3,24.562584,Gulf + Caribbean,23.593737,Atlantic MDR
1880,4,25.424904,Gulf + Caribbean,23.918325,Atlantic MDR
1880,5,26.500208,Gulf + Caribbean,24.333021,Atlantic MDR
1880,6,27.606012,Gulf + Caribbean,25.027676,Atlantic MDR
1880,7,28.408592,Gulf + Caribbean,25.74421,Atlantic MDR
1880,8,28.806715,Gulf + Caribbean,26.412155,Atlantic MDR
1880,9,28.795504,Gulf + Caribbean,26.891253,Atlantic MDR
1880,10,28.330233,Gulf + Caribbean,26.939295,Atlantic MDR
1880,11,26.934717,Gulf + Caribbean,26.41316,Atlantic MDR
1880,12,25.785225,Gulf + Caribbean,25.4277,Atlantic MDR
1881,1,24.742765,Gulf + Caribbean,24.532356,Atlantic MDR
1881,2,24.463528,Gulf + Caribbean,24.075365,Atlantic MDR
1881,3,24.770227,Gulf + Caribbean,24.233427,Atlantic MDR
1881,4,25.434486,Gulf + Caribbean,24.599037,Atlantic MDR
1881,5,26.610441,Gulf + Caribbean,25.083763,Atlantic MDR
1881,6,27.693457,Gulf + Caribbean,25.670105,Atlantic MDR
1881,7,28.367687,Gulf + Caribbean,26.227043,Atlantic MDR
1881,8,28.747929,Gulf + Caribbean,26.76308,Atlantic MDR
1881,9,28.719587,Gulf + Caribbean,27.178347,Atlantic MDR
1881,10,27.894669,Gulf + Caribbean,26.917204,Atlantic MDR
1881,11,26.68376,Gulf + Caribbean,26.113602,Atlantic MDR
1881,12,25.560024,Gulf + Caribbean,24.98459,Atlantic MDR
1882,1,24.609375,Gulf + Caribbean,23.946083,Atlantic MDR
1882,2,24.168112,Gulf + Caribbean,23.533026,Atlantic MDR
1882,3,24.424252,Gulf + Caribbean,23.711094,Atlantic MDR
1882,4,25.285461,Gulf + Caribbean,24.09475,Atlantic MDR
1882,5,26.502537,Gulf + Caribbean,24.572447,Atlantic MDR
1882,6,27.776716,Gulf + Caribbean,25.207546,Atlantic MDR
1882,7,28.329428,Gulf + Caribbean,25.73463,Atlantic MDR
1882,8,28.731215,Gulf + Caribbean,26.37728,Atlantic MDR
1882,9,28.717241,Gulf + Caribbean,26.802162,Atlantic MDR
1882,10,28.109873,Gulf + Caribbean,26.790005,Atlantic MDR
1882,11,26.995222,Gulf + Caribbean,26.220802,Atlantic MDR
1882,12,25.72454,Gulf + Caribbean,25.100773,Atlantic MDR
1883,1,24.81925,Gulf + Caribbean,24.288572,Atlantic MDR
1883,2,24.459087,Gulf + Caribbean,23.47195,Atlantic MDR
1883,3,24.501673,Gulf + Caribbean,23.4338,Atlantic MDR
1883,4,25.206232,Gulf + Caribbean,23.836357,Atlantic MDR
1883,5,26.434519,Gulf + Caribbean,24.43137,Atlantic MDR
1883,6,27.69023,Gulf + Caribbean,25.27479,Atlantic MDR
1883,7,28.161322,Gulf + Caribbean,25.715038,Atlantic MDR
1883,8,28.539442,Gulf + Caribbean,26.321693,Atlantic MDR
1883,9,28.747858,Gulf + Caribbean,26.797262,Atlantic MDR
1883,10,28.18546,Gulf + Caribbean,26.53777,Atlantic MDR
1883,11,27.062548,Gulf + Caribbean,26.0378,Atlantic MDR
1883,12,25.731728,Gulf + Caribbean,24.942242,Atlantic MDR
1884,1,24.791656,Gulf + Caribbean,23.933115,Atlantic MDR
1884,2,24.348791,Gulf + Caribbean,23.097824,Atlantic MDR
1884,3,24.4801,Gulf + Caribbean,23.042986,Atlantic MDR
1884,4,25.251669,Gulf + Caribbean,23.583202,Atlantic MDR
1884,5,26.600603,Gulf + Caribbean,24.479048,Atlantic MDR
1884,6,27.8559,Gulf + Caribbean,25.353153,Atlantic MDR
1884,7,28.327654,Gulf + Caribbean,25.687876,Atlantic MDR
1884,8,28.809828,Gulf + Caribbean,26.581377,Atlantic MDR
1884,9,28.71171,Gulf + Caribbean,26.981283,Atlantic MDR
1884,10,27.89573,Gulf + Caribbean,26.757778,Atlantic MDR
1884,11,26.691729,Gulf + Caribbean,26.023754,Atlantic MDR
1884,12,25.61171,Gulf + Caribbean,25.140234,Atlantic MDR
1885,1,24.770407,Gulf + Caribbean,24.191792,Atlantic MDR
1885,2,24.36196,Gulf + Caribbean,23.559107,Atlantic MDR
1885,3,24.512657,Gulf + Caribbean,23.385403,Atlantic MDR
1885,4,25.086248,Gulf + Caribbean,23.60021,Atlantic MDR
1885,5,26.339823,Gulf + Caribbean,24.252256,Atlantic MDR
1885,6,27.490734,Gulf + Caribbean,25.087444,Atlantic MDR
1885,7,28.32728,Gulf + Caribbean,25.771608,Atlantic MDR
1885,8,28.771076,Gulf + Caribbean,26.596506,Atlantic MDR
1885,9,28.864237,Gulf + Caribbean,27.134222,Atlantic MDR
1885,10,28.079891,Gulf + Caribbean,27.054031,Atlantic MDR
1885,11,26.909513,Gulf + Caribbean,26.435127,Atlantic MDR
1885,12,25.719711,Gulf + Caribbean,25.319328,Atlantic MDR
1886,1,24.723259,Gulf + Caribbean,24.482796,Atlantic MDR
1886,2,24.169113,Gulf + Caribbean,23.8682,Atlantic MDR
1886,3,24.55502,Gulf + Caribbean,24.00782,Atlantic MDR
1886,4,25.351828,Gulf + Caribbean,24.431208,Atlantic MDR
1886,5,26.641104,Gulf + Caribbean,25.010988,Atlantic MDR
1886,6,27.739735,Gulf + Caribbean,25.707834,Atlantic MDR
1886,7,28.51219,Gulf + Caribbean,26.131094,Atlantic MDR
1886,8,28.70851,Gulf + Caribbean,26.615059,Atlantic MDR
1886,9,28.79639,Gulf + Caribbean,26.974579,Atlantic MDR
1886,10,28.085669,Gulf + Caribbean,26.76104,Atlantic MDR
1886,11,26.867498,Gulf + Caribbean,26.108429,Atlantic MDR
1886,12,25.567738,Gulf + Caribbean,24.974813,Atlantic MDR
1887,1,24.353558,Gulf + Caribbean,23.833939,Atlantic MDR
1887,2,24.02697,Gulf + Caribbean,23.403065,Atlantic MDR
1887,3,24.06609,Gulf + Caribbean,23.486528,Atlantic MDR
1887,4,24.927223,Gulf + Caribbean,23.940378,Atlantic MDR
1887,5,26.29205,Gulf + Caribbean,24.623854,Atlantic MDR
1887,6,27.68401,Gulf + Caribbean,25.570227,Atlantic MDR
1887,7,28.674898,Gulf + Caribbean,26.281237,Atlantic MDR
1887,8,29.084497,Gulf + Caribbean,26.785091,Atlantic MDR
1887,9,28.75409,Gulf + Caribbean,27.271849,Atlantic MDR
1887,10,28.006811,Gulf + Caribbean,27.159302,Atlantic MDR
1887,11,26.788897,Gulf + Caribbean,26.532433,Atlantic MDR
1887,12,25.56449,Gulf + Caribbean,25.536238,Atlantic MDR
1888,1,24.491709,Gulf + Caribbean,24.582539,Atlantic MDR
1888,2,24.057684,Gulf + Caribbean,24.010334,Atlantic MDR
1888,3,24.296963,Gulf + Caribbean,24.128666,Atlantic MDR
1888,4,25.147999,Gulf + Caribbean,24.191734,Atlantic MDR
1888,5,26.414482,Gulf + Caribbean,24.792074,Atlantic MDR
1888,6,27.8337,Gulf + Caribbean,25.64503,Atlantic MDR
1888,7,28.361286,Gulf + Caribbean,26.025541,Atlantic MDR
1888,8,28.91324,Gulf + Caribbean,26.64811,Atlantic MDR
1888,9,28.846842,Gulf + Caribbean,27.150799,Atlantic MDR
1888,10,28.227564,Gulf + Caribbean,27.463804,Atlantic MDR
1888,11,26.903194,Gulf + Caribbean,26.787737,Atlantic MDR
1888,12,25.559738,Gulf + Caribbean,25.478617,Atlantic MDR
1889,1,24.60728,Gulf + Caribbean,24.596329,Atlantic MDR
1889,2,24.388645,Gulf + Caribbean,24.022152,Atlantic MDR
1889,3,24.767149,Gulf + Caribbean,24.232077,Atlantic MDR
1889,4,25.496864,Gulf + Caribbean,24.454102,Atlantic MDR
1889,5,26.813692,Gulf + Caribbean,24.84407,Atlantic MDR
1889,6,27.745367,Gulf + Caribbean,25.343956,Atlantic MDR
1889,7,28.242613,Gulf + Caribbean,25.850605,Atlantic MDR
1889,8,28.619772,Gulf + Caribbean,26.503273,Atlantic MDR
1889,9,28.652258,Gulf + Caribbean,27.025864,Atlantic MDR
1889,10,27.962318,Gulf + Caribbean,26.849234,Atlantic MDR
1889,11,26.867119,Gulf + Caribbean,26.123384,Atlantic MDR
1889,12,25.783485,Gulf + Caribbean,24.851696,Atlantic MDR
1890,1,24.848495,Gulf + Caribbean,23.614819,Atlantic MDR
1890,2,24.51482,Gulf + Caribbean,23.111221,Atlantic MDR
1890,3,24.454395,Gulf + Caribbean,23.229946,Atlantic MDR
1890,4,25.004328,Gulf + Caribbean,23.531988,Atlantic MDR
1890,5,26.259407,Gulf + Caribbean,24.08368,Atlantic MDR
1890,6,27.482111,Gulf + Caribbean,24.8543,Atlantic MDR
1890,7,27.822618,Gulf + Caribbean,25.262177,Atlantic MDR
1890,8,27.994183,Gulf + Caribbean,25.845919,Atlantic MDR
1890,9,28.11794,Gulf + Caribbean,26.443937,Atlantic MDR
1890,10,27.6134,Gulf + Caribbean,26.595903,Atlantic MDR
1890,11,26.432465,Gulf + Caribbean,25.934628,Atlantic MDR
1890,12,25.309883,Gulf + Caribbean,24.88404,Atlantic MDR
1891,1,24.4018,Gulf + Caribbean,23.831024,Atlantic MDR
1891,2,24.139528,Gulf + Caribbean,23.385208,Atlantic MDR
1891,3,24.285746,Gulf + Caribbean,23.689838,Atlantic MDR
1891,4,25.242193,Gulf + Caribbean,24.181446,Atlantic MDR
1891,5,26.548433,Gulf + Caribbean,24.919062,Atlantic MDR
1891,6,27.892666,Gulf + Caribbean,25.704645,Atlantic MDR
1891,7,28.45635,Gulf + Caribbean,26.340042,Atlantic MDR
1891,8,28.842205,Gulf + Caribbean,26.922472,Atlantic MDR
1891,9,28.722122,Gulf + Caribbean,27.243858,Atlantic MDR
1891,10,28.054314,Gulf + Caribbean,26.956861,Atlantic MDR
1891,11,26.743326,Gulf + Caribbean,26.18511,Atlantic MDR
1891,12,25.574526,Gulf + Caribbean,25.134216,Atlantic MDR
1892,1,24.586876,Gulf + Caribbean,24.256697,Atlantic MDR
1892,2,24.258287,Gulf + Caribbean,23.83232,Atlantic MDR
1892,3,24.267912,Gulf + Caribbean,23.86524,Atlantic MDR
1892,4,25.135113,Gulf + Caribbean,24.042196,Atlantic MDR
1892,5,26.311863,Gulf + Caribbean,24.50261,Atlantic MDR
1892,6,27.474207,Gulf + Caribbean,25.193535,Atlantic MDR
1892,7,28.025545,Gulf + Caribbean,25.743813,Atlantic MDR
1892,8,28.339184,Gulf + Caribbean,26.385988,Atlantic MDR
1892,9,28.409227,Gulf + Caribbean,26.888395,Atlantic MDR
1892,10,27.633898,Gulf + Caribbean,26.706984,Atlantic MDR
1892,11,26.643538,Gulf + Caribbean,26.28056,Atlantic MDR
1892,12,25.302204,Gulf + Caribbean,25.196844,Atlantic MDR
1893,1,24.545868,Gulf + Caribbean,24.397566,Atlantic MDR
1893,2,24.204721,Gulf + Caribbean,23.574337,Atlantic MDR
1893,3,24.5594,Gulf + Caribbean,23.670496,Atlantic MDR
1893,4,25.0371,Gulf + Caribbean,23.955101,Atlantic MDR
1893,5,26.267202,Gulf + Caribbean,24.663734,Atlantic MDR
1893,6,27.543577,Gulf + Caribbean,25.518309,Atlantic MDR
1893,7,28.425978,Gulf + Caribbean,26.280647,Atlantic MDR
1893,8,28.704977,Gulf + Caribbean,26.837002,Atlantic MDR
1893,9,28.5609,Gulf + Caribbean,27.12827,Atlantic MDR
1893,10,27.98198,Gulf + Caribbean,27.010948,Atlantic MDR
1893,11,26.897999,Gulf + Caribbean,26.473312,Atlantic MDR
1893,12,25.714615,Gulf + Caribbean,25.21733,Atlantic MDR
1894,1,24.707924,Gulf + Caribbean,23.941723,Atlantic MDR
1894,2,24.28131,Gulf + Caribbean,23.17999,Atlantic MDR
1894,3,24.255993,Gulf + Caribbean,23.016556,Atlantic MDR
1894,4,25.053562,Gulf + Caribbean,23.377686,Atlantic MDR
1894,5,26.290895,Gulf + Caribbean,23.983707,Atlantic MDR
1894,6,27.496653,Gulf + Caribbean,24.582224,Atlantic MDR
1894,7,28.184,Gulf + Caribbean,25.329704,Atlantic MDR
1894,8,28.577648,Gulf + Caribbean,26.066154,Atlantic MDR
1894,9,28.593521,Gulf + Caribbean,26.528816,Atlantic MDR
1894,10,27.942423,Gulf + Caribbean,26.560472,Atlantic MDR
1894,11,26.783852,Gulf + Caribbean,25.955763,Atlantic MDR
1894,12,25.440006,Gulf + Caribbean,25.074465,Atlantic MDR
1895,1,24.52417,Gulf + Caribbean,24.108335,Atlantic MDR
1895,2,24.168516,Gulf + Caribbean,23.533947,Atlantic MDR
1895,3,24.262186,Gulf + Caribbean,23.424639,Atlantic MDR
1895,4,25.062159,Gulf + Caribbean,23.63561,Atlantic MDR
1895,5,26.305237,Gulf + Caribbean,24.13044,Atlantic MDR
1895,6,27.68438,Gulf + Caribbean,25.02322,Atlantic MDR
1895,7,28.371597,Gulf + Caribbean,25.69885,Atlantic MDR
1895,8,28.846458,Gulf + Caribbean,26.500748,Atlantic MDR
1895,9,28.828852,Gulf + Caribbean,27.20916,Atlantic MDR
1895,10,28.053503,Gulf + Caribbean,27.235071,Atlantic MDR
1895,11,26.911556,Gulf + Caribbean,26.703598,Atlantic MDR
1895,12,25.632816,Gulf + Caribbean,25.515041,Atlantic MDR
1896,1,24.508675,Gulf + Caribbean,24.40604,Atlantic MDR
1896,2,24.1908,Gulf + Caribbean,23.673418,Atlantic MDR
1896,3,24.456776,Gulf + Caribbean,23.698008,Atlantic MDR
1896,4,25.361965,Gulf + Caribbean,24.113462,Atlantic MDR
1896,5,26.71719,Gulf + Caribbean,24.818197,Atlantic MDR
1896,6,27.870384,Gulf + Caribbean,25.646328,Atlantic MDR
1896,7,28.515314,Gulf + Caribbean,26.0935,Atlantic MDR
1896,8,28.862516,Gulf + Caribbean,26.77898,Atlantic MDR
1896,9,28.903406,Gulf + Caribbean,27.303629,Atlantic MDR
1896,10,28.079094,Gulf + Caribbean,27.354965,Atlantic MDR
1896,11,26.97896,Gulf + Caribbean,26.797821,Atlantic MDR
1896,12,25.713793,Gulf + Caribbean,25.517899,Atlantic MDR
1897,1,24.658817,Gulf + Caribbean,24.381285,Atlantic MDR
1897,2,24.475845,Gulf + Caribbean,23.779026,Atlantic MDR
1897,3,24.915339,Gulf + Caribbean,23.940084,Atlantic MDR
1897,4,25.607439,Gulf + Caribbean,24.201283,Atlantic MDR
1897,5,26.604769,Gulf + Caribbean,24.575682,Atlantic MDR
1897,6,27.948133,Gulf + Caribbean,25.429115,Atlantic MDR
1897,7,28.5929,Gulf + Caribbean,26.042921,Atlantic MDR
1897,8,28.947544,Gulf + Caribbean,26.764734,Atlantic MDR
1897,9,28.823875,Gulf + Caribbean,27.087984,Atlantic MDR
1897,10,28.181175,Gulf + Caribbean,27.175137,Atlantic MDR
1897,11,26.941214,Gulf + Caribbean,26.315355,Atlantic MDR
1897,12,25.794222,Gulf + Caribbean,25.248432,Atlantic MDR
1898,1,24.842434,Gulf + Caribbean,24.16984,Atlantic MDR
1898,2,24.498463,Gulf + Caribbean,23.602108,Atlantic MDR
1898,3,24.54286,Gulf + Caribbean,23.655428,Atlantic MDR
1898,4,25.241903,Gulf + Caribbean,23.93874,Atlantic MDR
1898,5,26.37003,Gulf + Caribbean,24.41477,Atlantic MDR
1898,6,27.850332,Gulf + Caribbean,25.504135,Atlantic MDR
1898,7,28.280151,Gulf + Caribbean,25.947775,Atlantic MDR
1898,8,28.622282,Gulf + Caribbean,26.683407,Atlantic MDR
1898,9,28.567623,Gulf + Caribbean,27.023952,Atlantic MDR
1898,10,28.24243,Gulf + Caribbean,27.14307,Atlantic MDR
1898,11,26.748423,Gulf + Caribbean,26.326899,Atlantic MDR
1898,12,25.318224,Gulf + Caribbean,25.234373,Atlantic MDR
1899,1,24.573774,Gulf + Caribbean,24.09266,Atlantic MDR
1899,2,24.308758,Gulf + Caribbean,23.382,Atlantic MDR
1899,3,24.466835,Gulf + Caribbean,23.496462,Atlantic MDR
1899,4,25.245209,Gulf + Caribbean,23.99306,Atlantic MDR
1899,5,26.64271,Gulf + Caribbean,24.794489,Atlantic MDR
1899,6,27.683228,Gulf + Caribbean,25.368637,Atlantic MDR
1899,7,28.341871,Gulf + Caribbean,25.83172,Atlantic MDR
1899,8,28.751266,Gulf + Caribbean,26.805992,Atlantic MDR
1899,9,28.610323,Gulf + Caribbean,27.188166,Atlantic MDR
1899,10,27.975908,Gulf + Caribbean,27.502571,Atlantic MDR
1899,11,26.78084,Gulf + Caribbean,26.780191,Atlantic MDR
1899,12,25.493977,Gulf + Caribbean,25.839172,Atlantic MDR
1900,1,24.747513,Gulf + Caribbean,24.682642,Atlantic MDR
1900,2,24.43076,Gulf + Caribbean,24.05522,Atlantic MDR
1900,3,24.489717,Gulf + Caribbean,23.937922,Atlantic MDR
1900,4,25.379679,Gulf + Caribbean,24.201372,Atlantic MDR
1900,5,26.593544,Gulf + Caribbean,24.618988,Atlantic MDR
1900,6,27.93818,Gulf + Caribbean,25.240639,Atlantic MDR
1900,7,28.500051,Gulf + Caribbean,25.888828,Atlantic MDR
1900,8,28.82962,Gulf + Caribbean,26.550583,Atlantic MDR
1900,9,28.878654,Gulf + Caribbean,27.071383,Atlantic MDR
1900,10,28.10968,Gulf + Caribbean,26.915003,Atlantic MDR
1900,11,27.088867,Gulf + Caribbean,26.329832,Atlantic MDR
1900,12,25.730003,Gulf + Caribbean,25.289772,Atlantic MDR
1901,1,24.78175,Gulf + Caribbean,24.413794,Atlantic MDR
1901,2,24.512978,Gulf + Caribbean,24.134089,Atlantic MDR
1901,3,24.513004,Gulf + Caribbean,24.031647,Atlantic MDR
1901,4,25.447937,Gulf + Caribbean,24.325323,Atlantic MDR
1901,5,26.697096,Gulf + Caribbean,24.87868,Atlantic MDR
1901,6,27.73959,Gulf + Caribbean,25.389591,Atlantic MDR
1901,7,28.406734,Gulf + Caribbean,25.883562,Atlantic MDR
1901,8,28.950632,Gulf + Caribbean,26.514603,Atlantic MDR
1901,9,28.793917,Gulf + Caribbean,26.80102,Atlantic MDR
1901,10,27.890045,Gulf + Caribbean,26.736956,Atlantic MDR
1901,11,26.61839,Gulf + Caribbean,26.127443,Atlantic MDR
1901,12,25.407038,Gulf + Caribbean,25.084387,Atlantic MDR
1902,1,24.661058,Gulf + Caribbean,24.029102,Atlantic MDR
1902,2,24.244928,Gulf + Caribbean,23.603132,Atlantic MDR
1902,3,24.340023,Gulf + Caribbean,23.745474,Atlantic MDR
1902,4,24.951649,Gulf + Caribbean,23.8827,Atlantic MDR
1902,5,26.42756,Gulf + Caribbean,24.490122,Atlantic MDR
1902,6,27.371008,Gulf + Caribbean,24.994154,Atlantic MDR
1902,7,28.145638,Gulf + Caribbean,25.468727,Atlantic MDR
1902,8,28.624994,Gulf + Caribbean,26.438961,Atlantic MDR
1902,9,28.598585,Gulf + Caribbean,27.000317,Atlantic MDR
1902,10,28.083876,Gulf + Caribbean,26.994825,Atlantic MDR
1902,11,26.752989,Gulf + Caribbean,26.157028,Atlantic MDR
1902,12,25.520144,Gulf + Caribbean,25.188423,Atlantic MDR
1903,1,24.816189,Gulf + Caribbean,24.227417,Atlantic MDR
1903,2,24.464884,Gulf + Caribbean,23.811554,Atlantic MDR
1903,3,24.492353,Gulf + Caribbean,23.147715,Atlantic MDR
1903,4,25.25037,Gulf + Caribbean,23.976807,Atlantic MDR
1903,5,26.43638,Gulf + Caribbean,24.46548,Atlantic MDR
1903,6,27.597006,Gulf + Caribbean,25.150612,Atlantic MDR
1903,7,28.144289,Gulf + Caribbean,25.665552,Atlantic MDR
1903,8,28.58445,Gulf + Caribbean,26.095043,Atlantic MDR
1903,9,28.322184,Gulf + Caribbean,26.488983,Atlantic MDR
1903,10,27.808653,Gulf + Caribbean,26.53461,Atlantic MDR
1903,11,26.737482,Gulf + Caribbean,26.061571,Atlantic MDR
1903,12,25.59281,Gulf + Caribbean,24.753,Atlantic MDR
1904,1,24.56702,Gulf + Caribbean,23.698915,Atlantic MDR
1904,2,24.354612,Gulf + Caribbean,23.081491,Atlantic MDR
1904,3,24.342226,Gulf + Caribbean,22.965937,Atlantic MDR
1904,4,24.949265,Gulf + Caribbean,23.247269,Atlantic MDR
1904,5,26.460087,Gulf + Caribbean,23.879515,Atlantic MDR
1904,6,27.692839,Gulf + Caribbean,24.628098,Atlantic MDR
1904,7,28.206772,Gulf + Caribbean,25.52714,Atlantic MDR
1904,8,28.710558,Gulf + Caribbean,26.365936,Atlantic MDR
1904,9,28.552753,Gulf + Caribbean,26.670664,Atlantic MDR
1904,10,27.787832,Gulf + Caribbean,26.717247,Atlantic MDR
1904,11,26.72865,Gulf + Caribbean,26.361374,Atlantic MDR
1904,12,25.621965,Gulf + Caribbean,25.188208,Atlantic MDR
1905,1,24.476534,Gulf + Caribbean,24.134111,Atlantic MDR
1905,2,23.926657,Gulf + Caribbean,23.575037,Atlantic MDR
1905,3,24.2364,Gulf + Caribbean,23.258268,Atlantic MDR
1905,4,25.193405,Gulf + Caribbean,23.718445,Atlantic MDR
1905,5,26.68894,Gulf + Caribbean,24.319862,Atlantic MDR
1905,6,27.734518,Gulf + Caribbean,25.055716,Atlantic MDR
1905,7,28.524504,Gulf + Caribbean,25.701038,Atlantic MDR
1905,8,28.803297,Gulf + Caribbean,26.527649,Atlantic MDR
1905,9,28.73448,Gulf + Caribbean,26.733685,Atlantic MDR
1905,10,28.013243,Gulf + Caribbean,26.875444,Atlantic MDR
1905,11,26.987957,Gulf + Caribbean,25.961857,Atlantic MDR
1905,12,25.481104,Gulf + Caribbean,24.860212,Atlantic MDR
1906,1,24.742893,Gulf + Caribbean,24.228544,Atlantic MDR
1906,2,24.166021,Gulf + Caribbean,23.570747,Atlantic MDR
1906,3,24.414246,Gulf + Caribbean,23.542723,Atlantic MDR
1906,4,24.985748,Gulf + Caribbean,23.986328,Atlantic MDR
1906,5,26.316078,Gulf + Caribbean,24.372824,Atlantic MDR
1906,6,27.896238,Gulf + Caribbean,25.650543,Atlantic MDR
1906,7,28.459455,Gulf + Caribbean,26.13104,Atlantic MDR
1906,8,28.950167,Gulf + Caribbean,26.71092,Atlantic MDR
1906,9,28.865814,Gulf + Caribbean,27.083857,Atlantic MDR
1906,10,27.982248,Gulf + Caribbean,27.111605,Atlantic MDR
1906,11,26.913422,Gulf + Caribbean,26.442814,Atlantic MDR
1906,12,25.536446,Gulf + Caribbean,25.254303,Atlantic MDR
1907,1,24.650215,Gulf + Caribbean,24.076471,Atlantic MDR
1907,2,23.98262,Gulf + Caribbean,23.29521,Atlantic MDR
1907,3,24.393751,Gulf + Caribbean,23.167603,Atlantic MDR
1907,4,25.234163,Gulf + Caribbean,23.673454,Atlantic MDR
1907,5,26.39848,Gulf + Caribbean,24.140741,Atlantic MDR
1907,6,27.641872,Gulf + Caribbean,24.999151,Atlantic MDR
1907,7,28.181105,Gulf + Caribbean,25.508877,Atlantic MDR
1907,8,28.6409,Gulf + Caribbean,26.265024,Atlantic MDR
1907,9,28.584053,Gulf + Caribbean,27.063437,Atlantic MDR
1907,10,28.067211,Gulf + Caribbean,26.96157,Atlantic MDR
1907,11,26.930784,Gulf + Caribbean,26.014673,Atlantic MDR
1907,12,25.694962,Gulf + Caribbean,24.793882,Atlantic MDR
1908,1,24.478888,Gulf + Caribbean,23.805367,Atlantic MDR
1908,2,23.964722,Gulf + Caribbean,23.210842,Atlantic MDR
1908,3,24.34431,Gulf + Caribbean,22.990753,Atlantic MDR
1908,4,25.260525,Gulf + Caribbean,23.331705,Atlantic MDR
1908,5,26.616459,Gulf + Caribbean,24.208454,Atlantic MDR
1908,6,27.791779,Gulf + Caribbean,25.112709,Atlantic MDR
1908,7,28.311502,Gulf + Caribbean,25.651913,Atlantic MDR
1908,8,28.662365,Gulf + Caribbean,26.384533,Atlantic MDR
1908,9,28.63876,Gulf + Caribbean,26.75641,Atlantic MDR
1908,10,28.039461,Gulf + Caribbean,26.814747,Atlantic MDR
1908,11,26.679832,Gulf + Caribbean,26.439207,Atlantic MDR
1908,12,25.725456,Gulf + Caribbean,25.297266,Atlantic MDR
1909,1,24.79936,Gulf + Caribbean,24.168976,Atlantic MDR
1909,2,24.217821,Gulf + Caribbean,23.402172,Atlantic MDR
1909,3,24.453127,Gulf + Caribbean,23.468336,Atlantic MDR
1909,4,25.199236,Gulf + Caribbean,23.889935,Atlantic MDR
1909,5,26.563345,Gulf + Caribbean,24.671501,Atlantic MDR
1909,6,27.747173,Gulf + Caribbean,25.124702,Atlantic MDR
1909,7,28.082266,Gulf + Caribbean,25.629473,Atlantic MDR
1909,8,28.515507,Gulf + Caribbean,26.469248,Atlantic MDR
1909,9,28.521343,Gulf + Caribbean,26.809347,Atlantic MDR
1909,10,27.76978,Gulf + Caribbean,26.774672,Atlantic MDR
1909,11,26.48741,Gulf + Caribbean,26.189571,Atlantic MDR
1909,12,25.134129,Gulf + Caribbean,25.351067,Atlantic MDR
1910,1,24.084944,Gulf + Caribbean,24.151613,Atlantic MDR
1910,2,23.645027,Gulf + Caribbean,23.3189,Atlantic MDR
1910,3,23.856777,Gulf + Caribbean,23.182627,Atlantic MDR
1910,4,24.761827,Gulf + Caribbean,23.60189,Atlantic MDR
1910,5,25.81051,Gulf + Caribbean,24.1536,Atlantic MDR
1910,6,27.069275,Gulf + Caribbean,24.734743,Atlantic MDR
1910,7,27.854958,Gulf + Caribbean,25.358324,Atlantic MDR
1910,8,28.404383,Gulf + Caribbean,26.026468,Atlantic MDR
1910,9,28.471897,Gulf + Caribbean,26.862663,Atlantic MDR
1910,10,27.9003,Gulf + Caribbean,26.881262,Atlantic MDR
1910,11,26.470968,Gulf + Caribbean,26.547052,Atlantic MDR
1910,12,25.120361,Gulf + Caribbean,25.115177,Atlantic MDR
1911,1,24.37553,Gulf + Caribbean,24.021116,Atlantic MDR
1911,2,24.156708,Gulf + Caribbean,23.272768,Atlantic MDR
1911,3,24.205454,Gulf + Caribbean,23.158787,Atlantic MDR
1911,4,25.14379,Gulf + Caribbean,23.587204,Atlantic MDR
1911,5,26.189728,Gulf + Caribbean,24.140574,Atlantic MDR
1911,6,27.630287,Gulf + Caribbean,24.800465,Atlantic MDR
1911,7,28.250992,Gulf + Caribbean,25.506948,Atlantic MDR
1911,8,28.645725,Gulf + Caribbean,26.296806,Atlantic MDR
1911,9,28.704142,Gulf + Caribbean,26.938265,Atlantic MDR
1911,10,28.31077,Gulf + Caribbean,26.941355,Atlantic MDR
1911,11,26.899193,Gulf + Caribbean,26.123554,Atlantic MDR
1911,12,25.722065,Gulf + Caribbean,24.977972,Atlantic MDR
1912,1,24.650394,Gulf + Caribbean,23.988228,Atlantic MDR
1912,2,23.971777,Gulf + Caribbean,23.543262,Atlantic MDR
1912,3,24.428041,Gulf + Caribbean,23.40493,Atlantic MDR
1912,4,25.493038,Gulf + Caribbean,23.768654,Atlantic MDR
1912,5,26.685852,Gulf + Caribbean,24.31479,Atlantic MDR
1912,6,27.758755,Gulf + Caribbean,25.08825,Atlantic MDR
1912,7,28.237251,Gulf + Caribbean,25.674559,Atlantic MDR
1912,8,28.5572,Gulf + Caribbean,26.101217,Atlantic MDR
1912,9,28.624035,Gulf + Caribbean,26.889273,Atlantic MDR
1912,10,28.140356,Gulf + Caribbean,26.678864,Atlantic MDR
1912,11,26.59786,Gulf + Caribbean,26.17446,Atlantic MDR
1912,12,25.563932,Gulf + Caribbean,24.740942,Atlantic MDR
1913,1,24.705448,Gulf + Caribbean,23.498371,Atlantic MDR
1913,2,24.544455,Gulf + Caribbean,23.190626,Atlantic MDR
1913,3,24.540869,Gulf + Caribbean,23.023233,Atlantic MDR
1913,4,25.043377,Gulf + Caribbean,23.239826,Atlantic MDR
1913,5,26.087545,Gulf + Caribbean,23.880133,Atlantic MDR
1913,6,27.14665,Gulf + Caribbean,24.520597,Atlantic MDR
1913,7,27.93063,Gulf + Caribbean,25.371546,Atlantic MDR
1913,8,28.346436,Gulf + Caribbean,25.98035,Atlantic MDR
1913,9,28.371225,Gulf + Caribbean,26.443436,Atlantic MDR
1913,10,27.737242,Gulf + Caribbean,26.478317,Atlantic MDR
1913,11,26.536432,Gulf + Caribbean,25.957396,Atlantic MDR
1913,12,25.45455,Gulf + Caribbean,24.932049,Atlantic MDR
1914,1,24.530659,Gulf + Caribbean,24.090628,Atlantic MDR
1914,2,24.298353,Gulf + Caribbean,23.198175,Atlantic MDR
1914,3,23.93616,Gulf + Caribbean,23.024895,Atlantic MDR
1914,4,25.080278,Gulf + Caribbean,23.383615,Atlantic MDR
1914,5,26.489014,Gulf + Caribbean,24.21695,Atlantic MDR
1914,6,27.53854,Gulf + Caribbean,24.857985,Atlantic MDR
1914,7,28.479452,Gulf + Caribbean,25.372631,Atlantic MDR
1914,8,28.603281,Gulf + Caribbean,26.125639,Atlantic MDR
1914,9,28.684586,Gulf + Caribbean,26.739864,Atlantic MDR
1914,10,28.10518,Gulf + Caribbean,26.954388,Atlantic MDR
1914,11,27.034311,Gulf + Caribbean,26.298847,Atlantic MDR
1914,12,25.75736,Gulf + Caribbean,25.116203,Atlantic MDR
1915,1,24.72932,Gulf + Caribbean,24.12624,Atlantic MDR
1915,2,24.191174,Gulf + Caribbean,23.618135,Atlantic MDR
1915,3,24.210558,Gulf + Caribbean,23.737736,Atlantic MDR
1915,4,25.177473,Gulf + Caribbean,24.26639,Atlantic MDR
1915,5,26.67651,Gulf + Caribbean,25.030321,Atlantic MDR
1915,6,28.062815,Gulf + Caribbean,25.86955,Atlantic MDR
1915,7,28.770945,Gulf + Caribbean,26.491543,Atlantic MDR
1915,8,29.207863,Gulf + Caribbean,27.15539,Atlantic MDR
1915,9,29.155687,Gulf + Caribbean,27.544497,Atlantic MDR
1915,10,28.394005,Gulf + Caribbean,27.260689,Atlantic MDR
1915,11,26.964994,Gulf + Caribbean,26.525784,Atlantic MDR
1915,12,25.802807,Gulf + Caribbean,25.376104,Atlantic MDR
1916,1,24.764849,Gulf + Caribbean,24.210499,Atlantic MDR
1916,2,24.366217,Gulf + Caribbean,23.567884,Atlantic MDR
1916,3,24.264975,Gulf + Caribbean,23.296318,Atlantic MDR
1916,4,25.068308,Gulf + Caribbean,23.824677,Atlantic MDR
1916,5,26.238594,Gulf + Caribbean,24.422543,Atlantic MDR
1916,6,27.54256,Gulf + Caribbean,25.27273,Atlantic MDR
1916,7,28.220583,Gulf + Caribbean,25.881443,Atlantic MDR
1916,8,28.638256,Gulf + Caribbean,26.612932,Atlantic MDR
1916,9,28.667023,Gulf + Caribbean,27.002308,Atlantic MDR
1916,10,27.996767,Gulf + Caribbean,26.877373,Atlantic MDR
1916,11,26.57924,Gulf + Caribbean,26.040207,Atlantic MDR
1916,12,25.469986,Gulf + Caribbean,25.00336,Atlantic MDR
1917,1,24.496065,Gulf + Caribbean,23.993029,Atlantic MDR
1917,2,24.197563,Gulf + Caribbean,23.355495,Atlantic MDR
1917,3,24.181877,Gulf + Caribbean,23.282284,Atlantic MDR
1917,4,24.886988,Gulf + Caribbean,23.919546,Atlantic MDR
1917,5,26.04989,Gulf + Caribbean,24.492365,Atlantic MDR
1917,6,27.247026,Gulf + Caribbean,25.274307,Atlantic MDR
1917,7,27.923468,Gulf + Caribbean,25.79041,Atlantic MDR
1917,8,28.192028,Gulf + Caribbean,26.363415,Atlantic MDR
1917,9,28.244255,Gulf + Caribbean,26.77986,Atlantic MDR
1917,10,27.522848,Gulf + Caribbean,26.571407,Atlantic MDR
1917,11,26.292479,Gulf + Caribbean,25.855474,Atlantic MDR
1917,12,25.060688,Gulf + Caribbean,25.488564,Atlantic MDR
1918,1,24.275024,Gulf + Caribbean,24.446617,Atlantic MDR
1918,2,24.17933,Gulf + Caribbean,23.772963,Atlantic MDR
1918,3,24.610222,Gulf + Caribbean,23.432043,Atlantic MDR
1918,4,25.424845,Gulf + Caribbean,23.749023,Atlantic MDR
1918,5,26.512295,Gulf + Caribbean,24.250872,Atlantic MDR
1918,6,27.711277,Gulf + Caribbean,25.120455,Atlantic MDR
1918,7,28.265953,Gulf + Caribbean,25.714787,Atlantic MDR
1918,8,28.438528,Gulf + Caribbean,26.41708,Atlantic MDR
1918,9,28.509953,Gulf + Caribbean,26.707155,Atlantic MDR
1918,10,27.869732,Gulf + Caribbean,26.697855,Atlantic MDR
1918,11,26.834702,Gulf + Caribbean,26.198156,Atlantic MDR
1918,12,25.575401,Gulf + Caribbean,25.001245,Atlantic MDR
1919,1,24.753569,Gulf + Caribbean,24.402643,Atlantic MDR
1919,2,24.261265,Gulf + Caribbean,23.861216,Atlantic MDR
1919,3,24.571985,Gulf + Caribbean,23.925962,Atlantic MDR
1919,4,25.398323,Gulf + Caribbean,24.085833,Atlantic MDR
1919,5,26.552786,Gulf + Caribbean,24.601877,Atlantic MDR
1919,6,27.600292,Gulf + Caribbean,25.1799,Atlantic MDR
1919,7,28.048737,Gulf + Caribbean,25.575022,Atlantic MDR
1919,8,28.500608,Gulf + Caribbean,26.34845,Atlantic MDR
1919,9,28.60245,Gulf + Caribbean,27.04059,Atlantic MDR
1919,10,27.913815,Gulf + Caribbean,27.050325,Atlantic MDR
1919,11,26.798878,Gulf + Caribbean,26.431824,Atlantic MDR
1919,12,25.701109,Gulf + Caribbean,24.96291,Atlantic MDR
1920,1,24.525063,Gulf + Caribbean,23.742374,Atlantic MDR
1920,2,24.001762,Gulf + Caribbean,23.089987,Atlantic MDR
1920,3,24.203407,Gulf + Caribbean,23.234173,Atlantic MDR
1920,4,25.153744,Gulf + Caribbean,23.5632,Atlantic MDR
1920,5,26.367275,Gulf + Caribbean,24.155457,Atlantic MDR
1920,6,27.461372,Gulf + Caribbean,24.923325,Atlantic MDR
1920,7,27.990126,Gulf + Caribbean,25.354317,Atlantic MDR
1920,8,28.611195,Gulf + Caribbean,26.267796,Atlantic MDR
1920,9,28.615252,Gulf + Caribbean,26.828968,Atlantic MDR
1920,10,27.891283,Gulf + Caribbean,26.867235,Atlantic MDR
1920,11,26.708841,Gulf + Caribbean,26.100283,Atlantic MDR
1920,12,25.490786,Gulf + Caribbean,24.840822,Atlantic MDR
1921,1,24.460794,Gulf + Caribbean,23.911366,Atlantic MDR
1921,2,24.198261,Gulf + Caribbean,23.19071,Atlantic MDR
1921,3,24.657703,Gulf + Caribbean,23.006561,Atlantic MDR
1921,4,25.271881,Gulf + Caribbean,23.616438,Atlantic MDR
1921,5,26.110304,Gulf + Caribbean,23.956217,Atlantic MDR
1921,6,27.41168,Gulf + Caribbean,24.927397,Atlantic MDR
1921,7,28.52195,Gulf + Caribbean,25.982698,Atlantic MDR
1921,8,28.57968,Gulf + Caribbean,26.322796,Atlantic MDR
1921,9,28.73378,Gulf + Caribbean,26.674358,Atlantic MDR
1921,10,28.104704,Gulf + Caribbean,27.045069,Atlantic MDR
1921,11,26.905884,Gulf + Caribbean,26.164612,Atlantic MDR
1921,12,25.859837,Gulf + Caribbean,25.160318,Atlantic MDR
1922,1,24.92124,Gulf + Caribbean,24.009987,Atlantic MDR
1922,2,24.650005,Gulf + Caribbean,23.329374,Atlantic MDR
1922,3,24.490732,Gulf + Caribbean,23.05887,Atlantic MDR
1922,4,25.24386,Gulf + Caribbean,23.461727,Atlantic MDR
1922,5,26.57949,Gulf + Caribbean,24.076422,Atlantic MDR
1922,6,27.499935,Gulf + Caribbean,24.771057,Atlantic MDR
1922,7,28.046885,Gulf + Caribbean,25.276402,Atlantic MDR
1922,8,28.417236,Gulf + Caribbean,26.06722,Atlantic MDR
1922,9,28.399864,Gulf + Caribbean,26.336214,Atlantic MDR
1922,10,27.98626,Gulf + Caribbean,26.69123,Atlantic MDR
1922,11,26.854733,Gulf + Caribbean,26.297226,Atlantic MDR
1922,12,25.751064,Gulf + Caribbean,25.0746,Atlantic MDR
1923,1,24.598436,Gulf + Caribbean,23.729542,Atlantic MDR
1923,2,24.239481,Gulf + Caribbean,23.01763,Atlantic MDR
1923,3,24.302395,Gulf + Caribbean,23.088255,Atlantic MDR
1923,4,25.19518,Gulf + Caribbean,23.30729,Atlantic MDR
1923,5,26.403374,Gulf + Caribbean,24.139969,Atlantic MDR
1923,6,27.575018,Gulf + Caribbean,24.831278,Atlantic MDR
1923,7,28.066181,Gulf + Caribbean,25.525208,Atlantic MDR
1923,8,28.554884,Gulf + Caribbean,26.177898,Atlantic MDR
1923,9,28.517725,Gulf + Caribbean,26.55056,Atlantic MDR
1923,10,27.78801,Gulf + Caribbean,26.788145,Atlantic MDR
1923,11,26.530638,Gulf + Caribbean,26.28196,Atlantic MDR
1923,12,25.518126,Gulf + Caribbean,25.396719,Atlantic MDR
1924,1,24.589905,Gulf + Caribbean,24.382479,Atlantic MDR
1924,2,24.131678,Gulf + Caribbean,23.571516,Atlantic MDR
1924,3,24.062765,Gulf + Caribbean,23.844112,Atlantic MDR
1924,4,25.208559,Gulf + Caribbean,24.266275,Atlantic MDR
1924,5,26.606413,Gulf + Caribbean,24.700758,Atlantic MDR
1924,6,28.046751,Gulf + Caribbean,25.301273,Atlantic MDR
1924,7,28.509134,Gulf + Caribbean,25.876637,Atlantic MDR
1924,8,28.47487,Gulf + Caribbean,26.332253,Atlantic MDR
1924,9,28.46949,Gulf + Caribbean,26.700336,Atlantic MDR
1924,10,27.745092,Gulf + Caribbean,26.66767,Atlantic MDR
1924,11,26.717422,Gulf + Caribbean,26.125803,Atlantic MDR
1924,12,25.478117,Gulf + Caribbean,25.00715,Atlantic MDR
1925,1,24.725546,Gulf + Caribbean,23.796131,Atlantic MDR
1925,2,24.241741,Gulf + Caribbean,22.913582,Atlantic MDR
1925,3,24.434782,Gulf + Caribbean,23.083784,Atlantic MDR
1925,4,25.409678,Gulf + Caribbean,23.473621,Atlantic MDR
1925,5,26.59158,Gulf + Caribbean,24.3881,Atlantic MDR
1925,6,27.699131,Gulf + Caribbean,24.943247,Atlantic MDR
1925,7,28.144321,Gulf + Caribbean,25.513992,Atlantic MDR
1925,8,28.6725,Gulf + Caribbean,26.202766,Atlantic MDR
1925,9,28.847546,Gulf + Caribbean,26.919348,Atlantic MDR
1925,10,28.396696,Gulf + Caribbean,27.22466,Atlantic MDR
1925,11,27.00666,Gulf + Caribbean,26.489902,Atlantic MDR
1925,12,25.810291,Gulf + Caribbean,25.899462,Atlantic MDR
1926,1,24.684942,Gulf + Caribbean,24.922606,Atlantic MDR
1926,2,24.405615,Gulf + Caribbean,24.200504,Atlantic MDR
1926,3,24.527336,Gulf + Caribbean,24.046022,Atlantic MDR
1926,4,25.60347,Gulf + Caribbean,24.348375,Atlantic MDR
1926,5,26.796555,Gulf + Caribbean,24.970295,Atlantic MDR
1926,6,27.942093,Gulf + Caribbean,25.720346,Atlantic MDR
1926,7,28.685862,Gulf + Caribbean,26.490713,Atlantic MDR
1926,8,29.132967,Gulf + Caribbean,27.017794,Atlantic MDR
1926,9,28.897266,Gulf + Caribbean,27.385538,Atlantic MDR
1926,10,28.38086,Gulf + Caribbean,27.535664,Atlantic MDR
1926,11,26.986235,Gulf + Caribbean,26.402737,Atlantic MDR
1926,12,25.981155,Gulf + Caribbean,25.429981,Atlantic MDR
1927,1,24.709864,Gulf + Caribbean,24.398672,Atlantic MDR
1927,2,24.624926,Gulf + Caribbean,23.76163,Atlantic MDR
1927,3,24.704067,Gulf + Caribbean,23.608973,Atlantic MDR
1927,4,25.527016,Gulf + Caribbean,24.043005,Atlantic MDR
1927,5,26.862629,Gulf + Caribbean,24.898367,Atlantic MDR
1927,6,28.013538,Gulf + Caribbean,25.810654,Atlantic MDR
1927,7,28.477629,Gulf + Caribbean,26.240656,Atlantic MDR
1927,8,28.959574,Gulf + Caribbean,26.864162,Atlantic MDR
1927,9,28.939068,Gulf + Caribbean,27.307087,Atlantic MDR
1927,10,28.364769,Gulf + Caribbean,27.553612,Atlantic MDR
1927,11,27.086905,Gulf + Caribbean,26.890953,Atlantic MDR
1927,12,25.621767,Gulf + Caribbean,25.74806,Atlantic MDR
1928,1,24.55836,Gulf + Caribbean,24.505135,Atlantic MDR
1928,2,24.378222,Gulf + Caribbean,23.51487,Atlantic MDR
1928,3,24.652624,Gulf + Caribbean,23.473528,Atlantic MDR
1928,4,25.228983,Gulf + Caribbean,23.805395,Atlantic MDR
1928,5,26.396345,Gulf + Caribbean,24.609364,Atlantic MDR
1928,6,27.847666,Gulf + Caribbean,25.578814,Atlantic MDR
1928,7,28.375086,Gulf + Caribbean,26.144,Atlantic MDR
1928,8,28.89625,Gulf + Caribbean,26.8559,Atlantic MDR
1928,9,28.86007,Gulf + Caribbean,27.38176,Atlantic MDR
1928,10,28.351797,Gulf + Caribbean,27.114176,Atlantic MDR
1928,11,26.91876,Gulf + Caribbean,26.19657,Atlantic MDR
1928,12,25.566166,Gulf + Caribbean,25.093939,Atlantic MDR
1929,1,24.58975,Gulf + Caribbean,24.191326,Atlantic MDR
1929,2,24.34197,Gulf + Caribbean,23.673536,Atlantic MDR
1929,3,24.653582,Gulf + Caribbean,23.63694,Atlantic MDR
1929,4,25.507864,Gulf + Caribbean,24.064285,Atlantic MDR
1929,5,26.562391,Gulf + Caribbean,24.258255,Atlantic MDR
1929,6,27.74436,Gulf + Caribbean,25.05222,Atlantic MDR
1929,7,28.227037,Gulf + Caribbean,25.940489,Atlantic MDR
1929,8,28.471077,Gulf + Caribbean,26.469072,Atlantic MDR
1929,9,28.632214,Gulf + Caribbean,27.042583,Atlantic MDR
1929,10,27.925608,Gulf + Caribbean,27.16181,Atlantic MDR
1929,11,26.86745,Gulf + Caribbean,26.196556,Atlantic MDR
1929,12,25.641527,Gulf + Caribbean,25.10317,Atlantic MDR
1930,1,24.688042,Gulf + Caribbean,24.053097,Atlantic MDR
1930,2,24.271338,Gulf + Caribbean,23.370428,Atlantic MDR
1930,3,24.358078,Gulf + Caribbean,23.554104,Atlantic MDR
1930,4,25.28658,Gulf + Caribbean,23.754496,Atlantic MDR
1930,5,26.754955,Gulf + Caribbean,24.279964,Atlantic MDR
1930,6,27.682829,Gulf + Caribbean,24.949272,Atlantic MDR
1930,7,28.374823,Gulf + Caribbean,25.675974,Atlantic MDR
1930,8,28.790619,Gulf + Caribbean,26.606544,Atlantic MDR
1930,9,28.948391,Gulf + Caribbean,27.374268,Atlantic MDR
1930,10,28.220648,Gulf + Caribbean,27.488619,Atlantic MDR
1930,11,26.920425,Gulf + Caribbean,26.935144,Atlantic MDR
1930,12,25.654009,Gulf + Caribbean,25.550909,Atlantic MDR
1931,1,24.613777,Gulf + Caribbean,24.587055,Atlantic MDR
1931,2,24.360125,Gulf + Caribbean,23.858868,Atlantic MDR
1931,3,24.303793,Gulf + Caribbean,24.173449,Atlantic MDR
1931,4,25.154696,Gulf + Caribbean,24.60668,Atlantic MDR
1931,5,26.734457,Gulf + Caribbean,25.30683,Atlantic MDR
1931,6,27.999666,Gulf + Caribbean,26.097282,Atlantic MDR
1931,7,28.508,Gulf + Caribbean,26.430683,Atlantic MDR
1931,8,28.884932,Gulf + Caribbean,26.825209,Atlantic MDR
1931,9,29.004854,Gulf + Caribbean,27.328499,Atlantic MDR
1931,10,28.373646,Gulf + Caribbean,27.379696,Atlantic MDR
1931,11,27.097227,Gulf + Caribbean,26.74304,Atlantic MDR
1931,12,26.25685,Gulf + Caribbean,25.685038,Atlantic MDR
1932,1,25.125177,Gulf + Caribbean,24.446177,Atlantic MDR
1932,2,24.818962,Gulf + Caribbean,24.131674,Atlantic MDR
1932,3,24.839827,Gulf + Caribbean,24.328722,Atlantic MDR
1932,4,25.458738,Gulf + Caribbean,24.512512,Atlantic MDR
1932,5,26.88005,Gulf + Caribbean,24.988983,Atlantic MDR
1932,6,28.337246,Gulf + Caribbean,25.788746,Atlantic MDR
1932,7,28.69244,Gulf + Caribbean,26.070063,Atlantic MDR
1932,8,28.986822,Gulf + Caribbean,26.790941,Atlantic MDR
1932,9,28.90604,Gulf + Caribbean,27.46044,Atlantic MDR
1932,10,28.113916,Gulf + Caribbean,27.31429,Atlantic MDR
1932,11,26.981474,Gulf + Caribbean,26.606684,Atlantic MDR
1932,12,25.825665,Gulf + Caribbean,25.356808,Atlantic MDR
1933,1,25.017582,Gulf + Caribbean,24.20319,Atlantic MDR
1933,2,24.423958,Gulf + Caribbean,24.091509,Atlantic MDR
1933,3,24.66835,Gulf + Caribbean,23.957079,Atlantic MDR
1933,4,25.679432,Gulf + Caribbean,24.50668,Atlantic MDR
1933,5,27.023056,Gulf + Caribbean,25.034012,Atlantic MDR
1933,6,28.032667,Gulf + Caribbean,25.604544,Atlantic MDR
1933,7,28.599638,Gulf + Caribbean,26.21678,Atlantic MDR
1933,8,28.917517,Gulf + Caribbean,26.794044,Atlantic MDR
1933,9,28.893332,Gulf + Caribbean,27.197016,Atlantic MDR
1933,10,28.264824,Gulf + Caribbean,27.25735,Atlantic MDR
1933,11,26.905657,Gulf + Caribbean,26.391418,Atlantic MDR
1933,12,25.930525,Gulf + Caribbean,25.130232,Atlantic MDR
1934,1,25.066183,Gulf + Caribbean,23.89008,Atlantic MDR
1934,2,24.295097,Gulf + Caribbean,23.244188,Atlantic MDR
1934,3,24.548,Gulf + Caribbean,23.10179,Atlantic MDR
1934,4,25.474148,Gulf + Caribbean,23.825422,Atlantic MDR
1934,5,26.649998,Gulf + Caribbean,24.315613,Atlantic MDR
1934,6,28.001835,Gulf + Caribbean,25.46712,Atlantic MDR
1934,7,28.594967,Gulf + Caribbean,25.852434,Atlantic MDR
1934,8,28.843998,Gulf + Caribbean,26.545332,Atlantic MDR
1934,9,28.900248,Gulf + Caribbean,27.020363,Atlantic MDR
1934,10,28.2835,Gulf + Caribbean,27.145872,Atlantic MDR
1934,11,26.942118,Gulf + Caribbean,26.401457,Atlantic MDR
1934,12,25.657545,Gulf + Caribbean,25.323256,Atlantic MDR
1935,1,24.871336,Gulf + Caribbean,24.46252,Atlantic MDR
1935,2,24.362442,Gulf + Caribbean,23.571115,Atlantic MDR
1935,3,24.631351,Gulf + Caribbean,23.366116,Atlantic MDR
1935,4,25.576147,Gulf + Caribbean,24.06174,Atlantic MDR
1935,5,26.84028,Gulf + Caribbean,24.839787,Atlantic MDR
1935,6,28.094784,Gulf + Caribbean,25.547922,Atlantic MDR
1935,7,28.44367,Gulf + Caribbean,25.912376,Atlantic MDR
1935,8,28.7362,Gulf + Caribbean,26.532751,Atlantic MDR
1935,9,28.854376,Gulf + Caribbean,27.03823,Atlantic MDR
1935,10,27.973696,Gulf + Caribbean,26.883738,Atlantic MDR
1935,11,26.999132,Gulf + Caribbean,26.164324,Atlantic MDR
1935,12,25.755411,Gulf + Caribbean,25.406939,Atlantic MDR
1936,1,24.846174,Gulf + Caribbean,24.56242,Atlantic MDR
1936,2,24.426537,Gulf + Caribbean,24.217974,Atlantic MDR
1936,3,24.450558,Gulf + Caribbean,24.255253,Atlantic MDR
1936,4,25.44182,Gulf + Caribbean,24.602312,Atlantic MDR
1936,5,26.781237,Gulf + Caribbean,24.92295,Atlantic MDR
1936,6,28.05792,Gulf + Caribbean,25.909895,Atlantic MDR
1936,7,28.69899,Gulf + Caribbean,26.374966,Atlantic MDR
1936,8,28.877237,Gulf + Caribbean,26.872866,Atlantic MDR
1936,9,28.97067,Gulf + Caribbean,27.383625,Atlantic MDR
1936,10,28.370316,Gulf + Caribbean,27.344877,Atlantic MDR
1936,11,27.139746,Gulf + Caribbean,26.547886,Atlantic MDR
1936,12,25.856565,Gulf + Caribbean,25.475218,Atlantic MDR
1937,1,25.198032,Gulf + Caribbean,24.473095,Atlantic MDR
1937,2,24.668472,Gulf + Caribbean,24.124031,Atlantic MDR
1937,3,24.829018,Gulf + Caribbean,24.07384,Atlantic MDR
1937,4,25.446758,Gulf + Caribbean,24.328978,Atlantic MDR
1937,5,26.740614,Gulf + Caribbean,24.839006,Atlantic MDR
1937,6,28.069595,Gulf + Caribbean,26.076529,Atlantic MDR
1937,7,28.666618,Gulf + Caribbean,26.604189,Atlantic MDR
1937,8,29.137333,Gulf + Caribbean,27.242773,Atlantic MDR
1937,9,29.21086,Gulf + Caribbean,27.739878,Atlantic MDR
1937,10,28.371042,Gulf + Caribbean,27.490917,Atlantic MDR
1937,11,27.07072,Gulf + Caribbean,27.158997,Atlantic MDR
1937,12,25.500261,Gulf + Caribbean,26.26314,Atlantic MDR
1938,1,24.669163,Gulf + Caribbean,24.923918,Atlantic MDR
1938,2,24.161106,Gulf + Caribbean,24.153059,Atlantic MDR
1938,3,24.593214,Gulf + Caribbean,24.147152,Atlantic MDR
1938,4,25.290266,Gulf + Caribbean,24.544888,Atlantic MDR
1938,5,26.885132,Gulf + Caribbean,25.033596,Atlantic MDR
1938,6,27.96167,Gulf + Caribbean,25.710403,Atlantic MDR
1938,7,28.3642,Gulf + Caribbean,26.226517,Atlantic MDR
1938,8,28.853273,Gulf + Caribbean,26.857649,Atlantic MDR
1938,9,28.847513,Gulf + Caribbean,27.318306,Atlantic MDR
1938,10,28.208956,Gulf + Caribbean,27.348093,Atlantic MDR
1938,11,27.278267,Gulf + Caribbean,26.831945,Atlantic MDR
1938,12,25.89464,Gulf + Caribbean,25.446266,Atlantic MDR
1939,1,24.818285,Gulf + Caribbean,24.301903,Atlantic MDR
1939,2,24.585182,Gulf + Caribbean,23.725147,Atlantic MDR
1939,3,24.752028,Gulf + Caribbean,23.484047,Atlantic MDR
1939,4,25.615147,Gulf + Caribbean,23.950346,Atlantic MDR
1939,5,26.75667,Gulf + Caribbean,24.67374,Atlantic MDR
1939,6,28.122599,Gulf + Caribbean,25.569342,Atlantic MDR
1939,7,28.777315,Gulf + Caribbean,26.247274,Atlantic MDR
1939,8,28.920122,Gulf + Caribbean,26.70806,Atlantic MDR
1939,9,29.086124,Gulf + Caribbean,27.373333,Atlantic MDR
1939,10,28.330013,Gulf + Caribbean,27.127602,Atlantic MDR
1939,11,26.968296,Gulf + Caribbean,26.260122,Atlantic MDR
1939,12,25.604742,Gulf + Caribbean,25.515144,Atlantic MDR
1940,1,24.626135,Gulf + Caribbean,24.628113,Atlantic MDR
1940,2,24.150389,Gulf + Caribbean,23.967974,Atlantic MDR
1940,3,24.392134,Gulf + Caribbean,23.976406,Atlantic MDR
1940,4,25.25227,Gulf + Caribbean,24.348406,Atlantic MDR
1940,5,26.67258,Gulf + Caribbean,24.946012,Atlantic MDR
1940,6,28.093018,Gulf + Caribbean,25.674822,Atlantic MDR
1940,7,28.754509,Gulf + Caribbean,26.289436,Atlantic MDR
1940,8,28.925709,Gulf + Caribbean,26.513199,Atlantic MDR
1940,9,28.651827,Gulf + Caribbean,27.340488,Atlantic MDR
1940,10,27.956417,Gulf + Caribbean,27.372053,Atlantic MDR
1940,11,26.836597,Gulf + Caribbean,26.776155,Atlantic MDR
1940,12,25.710823,Gulf + Caribbean,25.672104,Atlantic MDR
1941,1,24.79478,Gulf + Caribbean,24.895971,Atlantic MDR
1941,2,24.419525,Gulf + Caribbean,24.294655,Atlantic MDR
1941,3,24.705725,Gulf + Caribbean,24.216433,Atlantic MDR
1941,4,25.63514,Gulf + Caribbean,24.515375,Atlantic MDR
1941,5,26.798298,Gulf + Caribbean,24.817383,Atlantic MDR
1941,6,27.911978,Gulf + Caribbean,25.430563,Atlantic MDR
1941,7,28.511473,Gulf + Caribbean,26.109411,Atlantic MDR
1941,8,28.86764,Gulf + Caribbean,26.8238,Atlantic MDR
1941,9,29.009647,Gulf + Caribbean,27.313972,Atlantic MDR
1941,10,28.585472,Gulf + Caribbean,27.598036,Atlantic MDR
1941,11,27.551592,Gulf + Caribbean,26.975405,Atlantic MDR
1941,12,26.226809,Gulf + Caribbean,25.734613,Atlantic MDR
1942,1,25.163723,Gulf + Caribbean,24.52583,Atlantic MDR
1942,2,24.727097,Gulf + Caribbean,24.12848,Atlantic MDR
1942,3,24.736883,Gulf + Caribbean,24.181028,Atlantic MDR
1942,4,25.635569,Gulf + Caribbean,24.556355,Atlantic MDR
1942,5,26.986414,Gulf + Caribbean,25.1674,Atlantic MDR
1942,6,28.289795,Gulf + Caribbean,25.800552,Atlantic MDR
1942,7,28.779078,Gulf + Caribbean,26.041365,Atlantic MDR
1942,8,28.989904,Gulf + Caribbean,26.94254,Atlantic MDR
1942,9,28.931559,Gulf + Caribbean,27.330793,Atlantic MDR
1942,10,28.218147,Gulf + Caribbean,27.243608,Atlantic MDR
1942,11,27.161703,Gulf + Caribbean,26.683558,Atlantic MDR
1942,12,25.888903,Gulf + Caribbean,25.525421,Atlantic MDR
1943,1,24.9729,Gulf + Caribbean,24.405737,Atlantic MDR
1943,2,24.621826,Gulf + Caribbean,23.677929,Atlantic MDR
1943,3,24.695835,Gulf + Caribbean,23.378212,Atlantic MDR
1943,4,25.444672,Gulf + Caribbean,23.865744,Atlantic MDR
1943,5,26.832249,Gulf + Caribbean,24.556046,Atlantic MDR
1943,6,28.033321,Gulf + Caribbean,25.13327,Atlantic MDR
1943,7,28.68932,Gulf + Caribbean,25.865139,Atlantic MDR
1943,8,29.03368,Gulf + Caribbean,26.730225,Atlantic MDR
1943,9,29.031832,Gulf + Caribbean,27.34431,Atlantic MDR
1943,10,28.192696,Gulf + Caribbean,27.271317,Atlantic MDR
1943,11,26.957485,Gulf + Caribbean,26.506088,Atlantic MDR
1943,12,26.050087,Gulf + Caribbean,25.476032,Atlantic MDR
1944,1,24.966967,Gulf + Caribbean,24.473915,Atlantic MDR
1944,2,24.748167,Gulf + Caribbean,23.863733,Atlantic MDR
1944,3,25.052729,Gulf + Caribbean,24.43463,Atlantic MDR
1944,4,25.755823,Gulf + Caribbean,24.644735,Atlantic MDR
1944,5,26.935003,Gulf + Caribbean,25.195312,Atlantic MDR
1944,6,28.297932,Gulf + Caribbean,25.777834,Atlantic MDR
1944,7,28.918823,Gulf + Caribbean,26.264635,Atlantic MDR
1944,8,29.113483,Gulf + Caribbean,26.989227,Atlantic MDR
1944,9,29.08307,Gulf + Caribbean,27.430477,Atlantic MDR
1944,10,28.3584,Gulf + Caribbean,27.425903,Atlantic MDR
1944,11,27.271164,Gulf + Caribbean,26.870216,Atlantic MDR
1944,12,25.93284,Gulf + Caribbean,25.576653,Atlantic MDR
1945,1,24.924147,Gulf + Caribbean,24.5711,Atlantic MDR
1945,2,24.60737,Gulf + Caribbean,24.00831,Atlantic MDR
1945,3,25.239098,Gulf + Caribbean,23.867481,Atlantic MDR
1945,4,25.911184,Gulf + Caribbean,24.42302,Atlantic MDR
1945,5,26.873217,Gulf + Caribbean,24.98266,Atlantic MDR
1945,6,27.983976,Gulf + Caribbean,25.733868,Atlantic MDR
1945,7,28.606686,Gulf + Caribbean,26.272064,Atlantic MDR
1945,8,28.880268,Gulf + Caribbean,26.718369,Atlantic MDR
1945,9,28.778646,Gulf + Caribbean,27.257322,Atlantic MDR
1945,10,28.308474,Gulf + Caribbean,27.41257,Atlantic MDR
1945,11,27.257368,Gulf + Caribbean,26.88645,Atlantic MDR
1945,12,26.133001,Gulf + Caribbean,25.692793,Atlantic MDR
1946,1,25.052826,Gulf + Caribbean,24.652502,Atlantic MDR
1946,2,24.332846,Gulf + Caribbean,24.029161,Atlantic MDR
1946,3,24.731018,Gulf + Caribbean,23.821983,Atlantic MDR
1946,4,25.760675,Gulf + Caribbean,24.322987,Atlantic MDR
1946,5,26.945175,Gulf + Caribbean,24.651178,Atlantic MDR
1946,6,27.96987,Gulf + Caribbean,25.23429,Atlantic MDR
1946,7,28.38677,Gulf + Caribbean,25.763409,Atlantic MDR
1946,8,28.527494,Gulf + Caribbean,26.483418,Atlantic MDR
1946,9,28.748446,Gulf + Caribbean,27.07877,Atlantic MDR
1946,10,28.371902,Gulf + Caribbean,27.173315,Atlantic MDR
1946,11,27.257652,Gulf + Caribbean,26.300236,Atlantic MDR
1946,12,26.084679,Gulf + Caribbean,25.130417,Atlantic MDR
1947,1,25.279222,Gulf + Caribbean,23.923267,Atlantic MDR
1947,2,24.80049,Gulf + Caribbean,23.57244,Atlantic MDR
1947,3,24.826065,Gulf + Caribbean,23.89576,Atlantic MDR
1947,4,25.744112,Gulf + Caribbean,24.12086,Atlantic MDR
1947,5,26.66539,Gulf + Caribbean,24.458439,Atlantic MDR
1947,6,28.038033,Gulf + Caribbean,25.17551,Atlantic MDR
1947,7,28.413788,Gulf + Caribbean,25.695232,Atlantic MDR
1947,8,28.816713,Gulf + Caribbean,26.606035,Atlantic MDR
1947,9,28.998943,Gulf + Caribbean,26.813776,Atlantic MDR
1947,10,28.185085,Gulf + Caribbean,26.817331,Atlantic MDR
1947,11,27.241205,Gulf + Caribbean,26.565031,Atlantic MDR
1947,12,25.877045,Gulf + Caribbean,25.414116,Atlantic MDR
1948,1,24.86264,Gulf + Caribbean,24.606564,Atlantic MDR
1948,2,24.826942,Gulf + Caribbean,23.841633,Atlantic MDR
1948,3,25.119978,Gulf + Caribbean,24.14359,Atlantic MDR
1948,4,25.678328,Gulf + Caribbean,24.101562,Atlantic MDR
1948,5,26.944141,Gulf + Caribbean,24.714703,Atlantic MDR
1948,6,28.08476,Gulf + Caribbean,25.676168,Atlantic MDR
1948,7,28.5589,Gulf + Caribbean,26.090202,Atlantic MDR
1948,8,28.829702,Gulf + Caribbean,26.618288,Atlantic MDR
1948,9,28.843458,Gulf + Caribbean,27.023104,Atlantic MDR
1948,10,28.167053,Gulf + Caribbean,27.113058,Atlantic MDR
1948,11,27.129766,Gulf + Caribbean,26.699354,Atlantic MDR
1948,12,26.183897,Gulf + Caribbean,25.51374,Atlantic MDR
1949,1,25.342455,Gulf + Caribbean,24.191376,Atlantic MDR
1949,2,25.036428,Gulf + Caribbean,23.732962,Atlantic MDR
1949,3,24.96736,Gulf + Caribbean,23.561668,Atlantic MDR
1949,4,25.78145,Gulf + Caribbean,24.113289,Atlantic MDR
1949,5,26.793945,Gulf + Caribbean,24.340494,Atlantic MDR
1949,6,27.933208,Gulf + Caribbean,25.281788,Atlantic MDR
1949,7,28.493948,Gulf + Caribbean,25.959837,Atlantic MDR
1949,8,28.743074,Gulf + Caribbean,26.841234,Atlantic MDR
1949,9,28.91064,Gulf + Caribbean,27.35313,Atlantic MDR
1949,10,28.32389,Gulf + Caribbean,27.392065,Atlantic MDR
1949,11,27.16087,Gulf + Caribbean,26.483774,Atlantic MDR
1949,12,25.979197,Gulf + Caribbean,25.485064,Atlantic MDR
1950,1,24.99372,Gulf + Caribbean,24.266758,Atlantic MDR
1950,2,24.633694,Gulf + Caribbean,23.463547,Atlantic MDR
1950,3,24.678968,Gulf + Caribbean,23.434132,Atlantic MDR
1950,4,25.111914,Gulf + Caribbean,24.11327,Atlantic MDR
1950,5,26.40521,Gulf + Caribbean,24.531004,Atlantic MDR
1950,6,27.738962,Gulf + Caribbean,25.38805,Atlantic MDR
1950,7,28.329908,Gulf + Caribbean,25.916916,Atlantic MDR
1950,8,28.68453,Gulf + Caribbean,26.657679,Atlantic MDR
1950,9,28.830101,Gulf + Caribbean,27.186943,Atlantic MDR
1950,10,28.189453,Gulf + Caribbean,27.038303,Atlantic MDR
1950,11,27.06636,Gulf + Caribbean,26.472218,Atlantic MDR
1950,12,25.574501,Gulf + Caribbean,25.652082,Atlantic MDR
1951,1,24.674217,Gulf + Caribbean,24.408695,Atlantic MDR
1951,2,24.187057,Gulf + Caribbean,23.59786,Atlantic MDR
1951,3,24.42118,Gulf + Caribbean,23.7757,Atlantic MDR
1951,4,25.250465,Gulf + Caribbean,24.404875,Atlantic MDR
1951,5,26.756168,Gulf + Caribbean,24.964453,Atlantic MDR
1951,6,28.055244,Gulf + Caribbean,25.748404,Atlantic MDR
1951,7,28.713116,Gulf + Caribbean,26.621292,Atlantic MDR
1951,8,29.249731,Gulf + Caribbean,26.986917,Atlantic MDR
1951,9,29.211311,Gulf + Caribbean,27.374636,Atlantic MDR
1951,10,28.464012,Gulf + Caribbean,27.299238,Atlantic MDR
1951,11,27.3221,Gulf + Caribbean,26.536,Atlantic MDR
1951,12,26.165874,Gulf + Caribbean,25.369133,Atlantic MDR
1952,1,25.159456,Gulf + Caribbean,23.932692,Atlantic MDR
1952,2,24.651222,Gulf + Caribbean,23.594584,Atlantic MDR
1952,3,24.877993,Gulf + Caribbean,23.798742,Atlantic MDR
1952,4,25.60381,Gulf + Caribbean,24.227503,Atlantic MDR
1952,5,26.904062,Gulf + Caribbean,24.903963,Atlantic MDR
1952,6,28.264618,Gulf + Caribbean,25.847622,Atlantic MDR
1952,7,28.725903,Gulf + Caribbean,26.33741,Atlantic MDR
1952,8,29.152403,Gulf + Caribbean,26.92636,Atlantic MDR
1952,9,29.10105,Gulf + Caribbean,27.594347,Atlantic MDR
1952,10,28.423119,Gulf + Caribbean,27.47566,Atlantic MDR
1952,11,27.062683,Gulf + Caribbean,26.914236,Atlantic MDR
1952,12,25.738985,Gulf + Caribbean,26.030281,Atlantic MDR
1953,1,24.733995,Gulf + Caribbean,24.896023,Atlantic MDR
1953,2,24.476824,Gulf + Caribbean,24.277714,Atlantic MDR
1953,3,24.89201,Gulf + Caribbean,23.826527,Atlantic MDR
1953,4,25.73884,Gulf + Caribbean,24.392723,Atlantic MDR
1953,5,27.09052,Gulf + Caribbean,24.932909,Atlantic MDR
1953,6,28.061012,Gulf + Caribbean,25.716312,Atlantic MDR
1953,7,28.654013,Gulf + Caribbean,26.302885,Atlantic MDR
1953,8,29.015425,Gulf + Caribbean,27.040766,Atlantic MDR
1953,9,29.010014,Gulf + Caribbean,27.492023,Atlantic MDR
1953,10,28.348475,Gulf + Caribbean,27.371872,Atlantic MDR
1953,11,27.245714,Gulf + Caribbean,26.726212,Atlantic MDR
1953,12,26.100046,Gulf + Caribbean,25.595871,Atlantic MDR
1954,1,25.13514,Gulf + Caribbean,24.452103,Atlantic MDR
1954,2,24.677166,Gulf + Caribbean,23.692188,Atlantic MDR
1954,3,24.817019,Gulf + Caribbean,23.511286,Atlantic MDR
1954,4,25.904974,Gulf + Caribbean,23.666958,Atlantic MDR
1954,5,26.99001,Gulf + Caribbean,24.80909,Atlantic MDR
1954,6,27.941227,Gulf + Caribbean,25.575933,Atlantic MDR
1954,7,28.498106,Gulf + Caribbean,25.89422,Atlantic MDR
1954,8,28.889654,Gulf + Caribbean,26.612703,Atlantic MDR
1954,9,28.87785,Gulf + Caribbean,26.909143,Atlantic MDR
1954,10,28.032778,Gulf + Caribbean,26.828892,Atlantic MDR
1954,11,26.875788,Gulf + Caribbean,26.367561,Atlantic MDR
1954,12,25.547121,Gulf + Caribbean,25.074411,Atlantic MDR
1955,1,24.83507,Gulf + Caribbean,24.488247,Atlantic MDR
1955,2,24.36184,Gulf + Caribbean,23.88432,Atlantic MDR
1955,3,24.744164,Gulf + Caribbean,23.748304,Atlantic MDR
1955,4,25.447664,Gulf + Caribbean,24.18694,Atlantic MDR
1955,5,26.834738,Gulf + Caribbean,24.63466,Atlantic MDR
1955,6,27.81971,Gulf + Caribbean,25.560162,Atlantic MDR
1955,7,28.434647,Gulf + Caribbean,26.310549,Atlantic MDR
1955,8,28.916975,Gulf + Caribbean,27.061832,Atlantic MDR
1955,9,28.924852,Gulf + Caribbean,27.438768,Atlantic MDR
1955,10,28.287727,Gulf + Caribbean,27.421057,Atlantic MDR
1955,11,27.171202,Gulf + Caribbean,27.093752,Atlantic MDR
1955,12,25.946524,Gulf + Caribbean,25.819757,Atlantic MDR
1956,1,24.787888,Gulf + Caribbean,24.84216,Atlantic MDR
1956,2,24.502064,Gulf + Caribbean,24.165897,Atlantic MDR
1956,3,24.732973,Gulf + Caribbean,23.819574,Atlantic MDR
1956,4,25.378036,Gulf + Caribbean,24.23463,Atlantic MDR
1956,5,26.838064,Gulf + Caribbean,24.476738,Atlantic MDR
1956,6,27.702936,Gulf + Caribbean,25.035337,Atlantic MDR
1956,7,28.322086,Gulf + Caribbean,25.834675,Atlantic MDR
1956,8,28.871525,Gulf + Caribbean,26.56485,Atlantic MDR
1956,9,28.707823,Gulf + Caribbean,26.932968,Atlantic MDR
1956,10,28.264751,Gulf + Caribbean,27.130857,Atlantic MDR
1956,11,27.038403,Gulf + Caribbean,26.471947,Atlantic MDR
1956,12,25.920786,Gulf + Caribbean,25.463406,Atlantic MDR
1957,1,25.123238,Gulf + Caribbean,24.059517,Atlantic MDR
1957,2,24.922443,Gulf + Caribbean,23.25165,Atlantic MDR
1957,3,25.003923,Gulf + Caribbean,23.62581,Atlantic MDR
1957,4,25.592478,Gulf + Caribbean,23.82127,Atlantic MDR
1957,5,26.900568,Gulf + Caribbean,24.425856,Atlantic MDR
1957,6,28.101347,Gulf + Caribbean,25.459963,Atlantic MDR
1957,7,28.699007,Gulf + Caribbean,26.144106,Atlantic MDR
1957,8,29.071245,Gulf + Caribbean,26.982054,Atlantic MDR
1957,9,29.135048,Gulf + Caribbean,27.453066,Atlantic MDR
1957,10,28.404997,Gulf + Caribbean,27.538418,Atlantic MDR
1957,11,27.161358,Gulf + Caribbean,26.817343,Atlantic MDR
1957,12,25.86571,Gulf + Caribbean,25.620615,Atlantic MDR
1958,1,24.886454,Gulf + Caribbean,24.585207,Atlantic MDR
1958,2,24.221962,Gulf + Caribbean,24.454609,Atlantic MDR
1958,3,24.722971,Gulf + Caribbean,24.750513,Atlantic MDR
1958,4,25.727846,Gulf + Caribbean,25.146519,Atlantic MDR
1958,5,27.16915,Gulf + Caribbean,25.465988,Atlantic MDR
1958,6,28.595255,Gulf + Caribbean,26.268076,Atlantic MDR
1958,7,28.893118,Gulf + Caribbean,26.521162,Atlantic MDR
1958,8,29.388397,Gulf + Caribbean,27.122107,Atlantic MDR
1958,9,29.28671,Gulf + Caribbean,27.589487,Atlantic MDR
1958,10,28.641699,Gulf + Caribbean,27.31178,Atlantic MDR
1958,11,27.591656,Gulf + Caribbean,26.799448,Atlantic MDR
1958,12,26.358593,Gulf + Caribbean,25.625193,Atlantic MDR
1959,1,25.117224,Gulf + Caribbean,24.711555,Atlantic MDR
1959,2,25.092379,Gulf + Caribbean,24.12718,Atlantic MDR
1959,3,24.998613,Gulf + Caribbean,23.718586,Atlantic MDR
1959,4,25.790737,Gulf + Caribbean,24.061197,Atlantic MDR
1959,5,26.877932,Gulf + Caribbean,24.513725,Atlantic MDR
1959,6,27.937716,Gulf + Caribbean,25.226358,Atlantic MDR
1959,7,28.643538,Gulf + Caribbean,25.853167,Atlantic MDR
1959,8,28.8009,Gulf + Caribbean,26.476112,Atlantic MDR
1959,9,29.011953,Gulf + Caribbean,27.122166,Atlantic MDR
1959,10,28.613298,Gulf + Caribbean,27.030628,Atlantic MDR
1959,11,27.39638,Gulf + Caribbean,26.375467,Atlantic MDR
1959,12,26.047283,Gulf + Caribbean,25.172306,Atlantic MDR
1960,1,25.37838,Gulf + Caribbean,24.2957,Atlantic MDR
1960,2,24.845608,Gulf + Caribbean,23.995234,Atlantic MDR
1960,3,24.800503,Gulf + Caribbean,24.023928,Atlantic MDR
1960,4,25.701246,Gulf + Caribbean,24.331106,Atlantic MDR
1960,5,27.205969,Gulf + Caribbean,25.02718,Atlantic MDR
1960,6,28.310766,Gulf + Caribbean,25.598856,Atlantic MDR
1960,7,28.995714,Gulf + Caribbean,26.180378,Atlantic MDR
1960,8,29.196163,Gulf + Caribbean,26.821903,Atlantic MDR
1960,9,29.136679,Gulf + Caribbean,27.19602,Atlantic MDR
1960,10,28.768269,Gulf + Caribbean,27.225159,Atlantic MDR
1960,11,27.663807,Gulf + Caribbean,26.714857,Atlantic MDR
1960,12,26.002169,Gulf + Caribbean,25.433289,Atlantic MDR
1961,1,25.076147,Gulf + Caribbean,24.369665,Atlantic MDR
1961,2,24.823868,Gulf + Caribbean,23.793144,Atlantic MDR
1961,3,25.289387,Gulf + Caribbean,23.898724,Atlantic MDR
1961,4,25.825315,Gulf + Caribbean,24.440207,Atlantic MDR
1961,5,27.024685,Gulf + Caribbean,25.038353,Atlantic MDR
1961,6,27.994537,Gulf + Caribbean,25.512682,Atlantic MDR
1961,7,28.625494,Gulf + Caribbean,26.171349,Atlantic MDR
1961,8,28.975534,Gulf + Caribbean,26.912226,Atlantic MDR
1961,9,28.880096,Gulf + Caribbean,27.212132,Atlantic MDR
1961,10,28.212872,Gulf + Caribbean,27.03507,Atlantic MDR
1961,11,27.25607,Gulf + Caribbean,26.503996,Atlantic MDR
1961,12,26.202547,Gulf + Caribbean,25.753632,Atlantic MDR
1962,1,25.162569,Gulf + Caribbean,24.630934,Atlantic MDR
1962,2,24.963224,Gulf + Caribbean,23.923962,Atlantic MDR
1962,3,25.014738,Gulf + Caribbean,24.272362,Atlantic MDR
1962,4,25.534863,Gulf + Caribbean,24.455534,Atlantic MDR
1962,5,26.843351,Gulf + Caribbean,25.153969,Atlantic MDR
1962,6,28.087841,Gulf + Caribbean,25.591265,Atlantic MDR
1962,7,28.934471,Gulf + Caribbean,26.42556,Atlantic MDR
1962,8,29.335787,Gulf + Caribbean,26.992878,Atlantic MDR
1962,9,29.275326,Gulf + Caribbean,27.37045,Atlantic MDR
1962,10,28.718882,Gulf + Caribbean,27.263494,Atlantic MDR
1962,11,27.118465,Gulf + Caribbean,26.852966,Atlantic MDR
1962,12,26.013346,Gulf + Caribbean,25.974497,Atlantic MDR
1963,1,25.16002,Gulf + Caribbean,24.993258,Atlantic MDR
1963,2,24.674156,Gulf + Caribbean,24.35313,Atlantic MDR
1963,3,25.159746,Gulf + Caribbean,24.144726,Atlantic MDR
1963,4,25.983084,Gulf + Caribbean,24.608072,Atlantic MDR
1963,5,26.926044,Gulf + Caribbean,24.890478,Atlantic MDR
1963,6,28.130333,Gulf + Caribbean,25.651228,Atlantic MDR
1963,7,28.646818,Gulf + Caribbean,26.328785,Atlantic MDR
1963,8,29.12849,Gulf + Caribbean,26.90446,Atlantic MDR
1963,9,29.211926,Gulf + Caribbean,27.13558,Atlantic MDR
1963,10,28.344715,Gulf + Caribbean,27.130955,Atlantic MDR
1963,11,27.18762,Gulf + Caribbean,26.74834,Atlantic MDR
1963,12,25.871737,Gulf + Caribbean,25.471178,Atlantic MDR
1964,1,24.845104,Gulf + Caribbean,24.516146,Atlantic MDR
1964,2,24.506222,Gulf + Caribbean,24.13063,Atlantic MDR
1964,3,24.898333,Gulf + Caribbean,24.132519,Atlantic MDR
1964,4,25.707205,Gulf + Caribbean,24.052992,Atlantic MDR
1964,5,27.112692,Gulf + Caribbean,24.84964,Atlantic MDR
1964,6,28.190756,Gulf + Caribbean,25.594452,Atlantic MDR
1964,7,28.678188,Gulf + Caribbean,26.05094,Atlantic MDR
1964,8,28.97815,Gulf + Caribbean,26.583279,Atlantic MDR
1964,9,28.975286,Gulf + Caribbean,27.026281,Atlantic MDR
1964,10,28.05476,Gulf + Caribbean,26.98144,Atlantic MDR
1964,11,26.99929,Gulf + Caribbean,26.54911,Atlantic MDR
1964,12,25.836628,Gulf + Caribbean,25.271635,Atlantic MDR
1965,1,24.81842,Gulf + Caribbean,24.087313,Atlantic MDR
1965,2,24.387474,Gulf + Caribbean,23.64982,Atlantic MDR
1965,3,24.549696,Gulf + Caribbean,23.765276,Atlantic MDR
1965,4,25.638247,Gulf + Caribbean,24.036827,Atlantic MDR
1965,5,26.658278,Gulf + Caribbean,24.590769,Atlantic MDR
1965,6,27.826502,Gulf + Caribbean,25.256021,Atlantic MDR
1965,7,28.467274,Gulf + Caribbean,25.910213,Atlantic MDR
1965,8,28.7486,Gulf + Caribbean,26.600506,Atlantic MDR
1965,9,28.766764,Gulf + Caribbean,27.141304,Atlantic MDR
1965,10,28.310406,Gulf + Caribbean,27.080622,Atlantic MDR
1965,11,27.25285,Gulf + Caribbean,26.462883,Atlantic MDR
1965,12,26.130447,Gulf + Caribbean,25.433191,Atlantic MDR
1966,1,25.020905,Gulf + Caribbean,24.410465,Atlantic MDR
1966,2,24.387497,Gulf + Caribbean,24.249146,Atlantic MDR
1966,3,24.535631,Gulf + Caribbean,24.320238,Atlantic MDR
1966,4,25.378485,Gulf + Caribbean,24.785511,Atlantic MDR
1966,5,26.64512,Gulf + Caribbean,25.16599,Atlantic MDR
1966,6,27.751637,Gulf + Caribbean,25.831224,Atlantic MDR
1966,7,28.472008,Gulf + Caribbean,26.23055,Atlantic MDR
1966,8,28.864027,Gulf + Caribbean,26.765438,Atlantic MDR
1966,9,28.994537,Gulf + Caribbean,27.30128,Atlantic MDR
1966,10,28.395212,Gulf + Caribbean,27.28739,Atlantic MDR
1966,11,27.08006,Gulf + Caribbean,26.929869,Atlantic MDR
1966,12,25.761621,Gulf + Caribbean,25.640251,Atlantic MDR
1967,1,24.817684,Gulf + Caribbean,24.639135,Atlantic MDR
1967,2,24.58086,Gulf + Caribbean,23.831657,Atlantic MDR
1967,3,24.806133,Gulf + Caribbean,23.69844,Atlantic MDR
1967,4,25.617943,Gulf + Caribbean,24.275974,Atlantic MDR
1967,5,26.669899,Gulf + Caribbean,24.61004,Atlantic MDR
1967,6,27.845411,Gulf + Caribbean,25.323618,Atlantic MDR
1967,7,28.408405,Gulf + Caribbean,25.941769,Atlantic MDR
1967,8,28.602211,Gulf + Caribbean,26.523209,Atlantic MDR
1967,9,28.765612,Gulf + Caribbean,27.118662,Atlantic MDR
1967,10,28.158953,Gulf + Caribbean,27.049204,Atlantic MDR
1967,11,26.96715,Gulf + Caribbean,26.17286,Atlantic MDR
1967,12,25.944275,Gulf + Caribbean,25.199306,Atlantic MDR
1968,1,24.865051,Gulf + Caribbean,24.118258,Atlantic MDR
1968,2,24.253687,Gulf + Caribbean,23.784157,Atlantic MDR
1968,3,24.181353,Gulf + Caribbean,23.849792,Atlantic MDR
1968,4,25.251545,Gulf + Caribbean,24.155256,Atlantic MDR
1968,5,26.734411,Gulf + Caribbean,24.724941,Atlantic MDR
1968,6,27.990284,Gulf + Caribbean,25.333382,Atlantic MDR
1968,7,28.569435,Gulf + Caribbean,25.919874,Atlantic MDR
1968,8,29.074663,Gulf + Caribbean,26.631638,Atlantic MDR
1968,9,29.076519,Gulf + Caribbean,27.160997,Atlantic MDR
1968,10,28.414972,Gulf + Caribbean,27.330124,Atlantic MDR
1968,11,27.175909,Gulf + Caribbean,26.805332,Atlantic MDR
1968,12,25.88263,Gulf + Caribbean,25.758562,Atlantic MDR
1969,1,24.831844,Gulf + Caribbean,24.888308,Atlantic MDR
1969,2,24.49831,Gulf + Caribbean,24.64281,Atlantic MDR
1969,3,24.558813,Gulf + Caribbean,25.047974,Atlantic MDR
1969,4,25.951008,Gulf + Caribbean,25.024765,Atlantic MDR
1969,5,27.288984,Gulf + Caribbean,25.447401,Atlantic MDR
1969,6,28.677578,Gulf + Caribbean,25.843563,Atlantic MDR
1969,7,29.305094,Gulf + Caribbean,26.477745,Atlantic MDR
1969,8,29.30577,Gulf + Caribbean,27.11865,Atlantic MDR
1969,9,29.26219,Gulf + Caribbean,27.475569,Atlantic MDR
1969,10,28.611483,Gulf + Caribbean,27.349089,Atlantic MDR
1969,11,27.22107,Gulf + Caribbean,26.941446,Atlantic MDR
1969,12,25.863033,Gulf + Caribbean,25.85496,Atlantic MDR
1970,1,24.78892,Gulf + Caribbean,25.077066,Atlantic MDR
1970,2,24.292223,Gulf + Caribbean,24.474699,Atlantic MDR
1970,3,24.446379,Gulf + Caribbean,24.694628,Atlantic MDR
1970,4,25.651878,Gulf + Caribbean,24.916214,Atlantic MDR
1970,5,26.78006,Gulf + Caribbean,25.317934,Atlantic MDR
1970,6,27.910059,Gulf + Caribbean,25.767414,Atlantic MDR
1970,7,28.55053,Gulf + Caribbean,26.061956,Atlantic MDR
1970,8,28.80928,Gulf + Caribbean,26.655901,Atlantic MDR
1970,9,28.989557,Gulf + Caribbean,27.038338,Atlantic MDR
1970,10,28.34273,Gulf + Caribbean,27.113031,Atlantic MDR
1970,11,27.01007,Gulf + Caribbean,26.50214,Atlantic MDR
1970,12,25.822248,Gulf + Caribbean,25.450422,Atlantic MDR
1971,1,24.918814,Gulf + Caribbean,24.524548,Atlantic MDR
1971,2,24.595572,Gulf + Caribbean,23.829311,Atlantic MDR
1971,3,24.586376,Gulf + Caribbean,23.671618,Atlantic MDR
1971,4,25.18803,Gulf + Caribbean,23.856943,Atlantic MDR
1971,5,26.617655,Gulf + Caribbean,24.288595,Atlantic MDR
1971,6,27.930813,Gulf + Caribbean,24.849247,Atlantic MDR
1971,7,28.509645,Gulf + Caribbean,25.638836,Atlantic MDR
1971,8,28.75328,Gulf + Caribbean,26.266615,Atlantic MDR
1971,9,28.671701,Gulf + Caribbean,26.953194,Atlantic MDR
1971,10,28.227488,Gulf + Caribbean,27.043575,Atlantic MDR
1971,11,27.146852,Gulf + Caribbean,26.487257,Atlantic MDR
1971,12,26.05698,Gulf + Caribbean,25.166649,Atlantic MDR
1972,1,25.270973,Gulf + Caribbean,24.15749,Atlantic MDR
1972,2,24.71761,Gulf + Caribbean,23.45573,Atlantic MDR
1972,3,24.933714,Gulf + Caribbean,23.303225,Atlantic MDR
1972,4,25.810785,Gulf + Caribbean,23.878128,Atlantic MDR
1972,5,26.779224,Gulf + Caribbean,24.282385,Atlantic MDR
1972,6,27.759047,Gulf + Caribbean,25.06101,Atlantic MDR
1972,7,28.306667,Gulf + Caribbean,25.608438,Atlantic MDR
1972,8,28.6715,Gulf + Caribbean,26.245005,Atlantic MDR
1972,9,28.949781,Gulf + Caribbean,26.840937,Atlantic MDR
1972,10,28.539965,Gulf + Caribbean,27.0674,Atlantic MDR
1972,11,27.492815,Gulf + Caribbean,26.441248,Atlantic MDR
1972,12,26.309805,Gulf + Caribbean,25.004622,Atlantic MDR
1973,1,25.20536,Gulf + Caribbean,24.014402,Atlantic MDR
1973,2,24.589834,Gulf + Caribbean,23.461681,Atlantic MDR
1973,3,25.014708,Gulf + Caribbean,23.460684,Atlantic MDR
1973,4,25.391459,Gulf + Caribbean,23.966242,Atlantic MDR
1973,5,26.711382,Gulf + Caribbean,24.754606,Atlantic MDR
1973,6,28.103968,Gulf + Caribbean,25.341318,Atlantic MDR
1973,7,28.695257,Gulf + Caribbean,25.958681,Atlantic MDR
1973,8,28.870289,Gulf + Caribbean,26.490122,Atlantic MDR
1973,9,28.881842,Gulf + Caribbean,26.96368,Atlantic MDR
1973,10,28.347057,Gulf + Caribbean,26.85464,Atlantic MDR
1973,11,27.245731,Gulf + Caribbean,26.294483,Atlantic MDR
1973,12,25.741455,Gulf + Caribbean,25.308767,Atlantic MDR
1974,1,24.990244,Gulf + Caribbean,24.108639,Atlantic MDR
1974,2,24.639307,Gulf + Caribbean,23.256641,Atlantic MDR
1974,3,24.829174,Gulf + Caribbean,23.077795,Atlantic MDR
1974,4,25.500992,Gulf + Caribbean,23.101141,Atlantic MDR
1974,5,26.576168,Gulf + Caribbean,23.900455,Atlantic MDR
1974,6,27.92643,Gulf + Caribbean,24.921139,Atlantic MDR
1974,7,28.240297,Gulf + Caribbean,25.587822,Atlantic MDR
1974,8,28.636137,Gulf + Caribbean,26.33402,Atlantic MDR
1974,9,28.591068,Gulf + Caribbean,26.65776,Atlantic MDR
1974,10,27.791555,Gulf + Caribbean,26.653624,Atlantic MDR
1974,11,26.730762,Gulf + Caribbean,25.995827,Atlantic MDR
1974,12,25.558777,Gulf + Caribbean,24.893408,Atlantic MDR
1975,1,24.794788,Gulf + Caribbean,24.14631,Atlantic MDR
1975,2,24.675148,Gulf + Caribbean,23.399742,Atlantic MDR
1975,3,24.90893,Gulf + Caribbean,23.354204,Atlantic MDR
1975,4,25.617832,Gulf + Caribbean,23.769146,Atlantic MDR
1975,5,26.821814,Gulf + Caribbean,24.078127,Atlantic MDR
1975,6,28.083092,Gulf + Caribbean,25.157467,Atlantic MDR
1975,7,28.40093,Gulf + Caribbean,25.87155,Atlantic MDR
1975,8,28.701954,Gulf + Caribbean,26.67733,Atlantic MDR
1975,9,28.695889,Gulf + Caribbean,26.99011,Atlantic MDR
1975,10,27.983639,Gulf + Caribbean,26.814116,Atlantic MDR
1975,11,26.901337,Gulf + Caribbean,26.131618,Atlantic MDR
1975,12,25.43405,Gulf + Caribbean,25.141994,Atlantic MDR
1976,1,24.286268,Gulf + Caribbean,24.108526,Atlantic MDR
1976,2,23.888021,Gulf + Caribbean,23.305635,Atlantic MDR
1976,3,24.41174,Gulf + Caribbean,23.020092,Atlantic MDR
1976,4,25.26604,Gulf + Caribbean,23.551073,Atlantic MDR
1976,5,26.495312,Gulf + Caribbean,24.003279,Atlantic MDR
1976,6,27.507374,Gulf + Caribbean,24.953205,Atlantic MDR
1976,7,28.09269,Gulf + Caribbean,25.928162,Atlantic MDR
1976,8,28.63999,Gulf + Caribbean,27.09107,Atlantic MDR
1976,9,28.618916,Gulf + Caribbean,27.590494,Atlantic MDR
1976,10,28.137674,Gulf + Caribbean,27.502344,Atlantic MDR
1976,11,26.82597,Gulf + Caribbean,26.675142,Atlantic MDR
1976,12,25.719503,Gulf + Caribbean,25.16166,Atlantic MDR
1977,1,24.65768,Gulf + Caribbean,24.286251,Atlantic MDR
1977,2,24.32721,Gulf + Caribbean,23.63201,Atlantic MDR
1977,3,24.78905,Gulf + Caribbean,23.723211,Atlantic MDR
1977,4,25.51339,Gulf + Caribbean,24.134403,Atlantic MDR
1977,5,26.538713,Gulf + Caribbean,24.734211,Atlantic MDR
1977,6,27.926825,Gulf + Caribbean,25.595604,Atlantic MDR
1977,7,28.644535,Gulf + Caribbean,25.990637,Atlantic MDR
1977,8,28.761513,Gulf + Caribbean,26.446177,Atlantic MDR
1977,9,28.877258,Gulf + Caribbean,26.929768,Atlantic MDR
1977,10,28.254227,Gulf + Caribbean,26.907022,Atlantic MDR
1977,11,27.133059,Gulf + Caribbean,26.260925,Atlantic MDR
1977,12,26.00148,Gulf + Caribbean,25.303951,Atlantic MDR
1978,1,24.936455,Gulf + Caribbean,24.542675,Atlantic MDR
1978,2,24.2338,Gulf + Caribbean,24.050598,Atlantic MDR
1978,3,24.443735,Gulf + Caribbean,24.11083,Atlantic MDR
1978,4,25.51595,Gulf + Caribbean,24.478977,Atlantic MDR
1978,5,26.97149,Gulf + Caribbean,24.843912,Atlantic MDR
1978,6,28.117687,Gulf + Caribbean,25.350306,Atlantic MDR
1978,7,28.661161,Gulf + Caribbean,25.722883,Atlantic MDR
1978,8,28.835224,Gulf + Caribbean,26.39634,Atlantic MDR
1978,9,28.913975,Gulf + Caribbean,27.039513,Atlantic MDR
1978,10,28.215096,Gulf + Caribbean,27.309511,Atlantic MDR
1978,11,27.235104,Gulf + Caribbean,26.66378,Atlantic MDR
1978,12,26.089748,Gulf + Caribbean,25.32964,Atlantic MDR
1979,1,24.89462,Gulf + Caribbean,24.648064,Atlantic MDR
1979,2,24.377764,Gulf + Caribbean,24.17952,Atlantic MDR
1979,3,24.51421,Gulf + Caribbean,24.005095,Atlantic MDR
1979,4,25.435833,Gulf + Caribbean,24.536766,Atlantic MDR
1979,5,26.730703,Gulf + Caribbean,25.157421,Atlantic MDR
1979,6,27.990948,Gulf + Caribbean,25.955854,Atlantic MDR
1979,7,28.604324,Gulf + Caribbean,26.386648,Atlantic MDR
1979,8,28.828386,Gulf + Caribbean,26.809769,Atlantic MDR
1979,9,28.737206,Gulf + Caribbean,27.285513,Atlantic MDR
1979,10,28.246166,Gulf + Caribbean,27.253368,Atlantic MDR
1979,11,27.009577,Gulf + Caribbean,26.689198,Atlantic MDR
1979,12,25.849468,Gulf + Caribbean,25.701405,Atlantic MDR
1980,1,24.959421,Gulf + Caribbean,24.842148,Atlantic MDR
1980,2,24.473885,Gulf + Caribbean,24.296677,Atlantic MDR
1980,3,24.650654,Gulf + Caribbean,24.06888,Atlantic MDR
1980,4,25.516106,Gulf + Caribbean,24.909006,Atlantic MDR
1980,5,27.07012,Gulf + Caribbean,25.636866,Atlantic MDR
1980,6,28.162983,Gulf + Caribbean,26.128563,Atlantic MDR
1980,7,28.826214,Gulf + Caribbean,26.336617,Atlantic MDR
1980,8,28.91511,Gulf + Caribbean,27.11314,Atlantic MDR
1980,9,29.006367,Gulf + Caribbean,27.444168,Atlantic MDR
1980,10,28.391289,Gulf + Caribbean,27.26021,Atlantic MDR
1980,11,27.162653,Gulf + Caribbean,26.674238,Atlantic MDR
1980,12,25.803215,Gulf + Caribbean,25.489017,Atlantic MDR
1981,1,24.599651,Gulf + Caribbean,24.747082,Atlantic MDR
1981,2,24.27451,Gulf + Caribbean,24.024864,Atlantic MDR
1981,3,24.49624,Gulf + Caribbean,24.516678,Atlantic MDR
1981,4,25.599499,Gulf + Caribbean,24.56689,Atlantic MDR
1981,5,26.981342,Gulf + Caribbean,25.16129,Atlantic MDR
1981,6,28.304348,Gulf + Caribbean,25.796099,Atlantic MDR
1981,7,28.849783,Gulf + Caribbean,26.325994,Atlantic MDR
1981,8,29.0529,Gulf + Caribbean,26.89129,Atlantic MDR
1981,9,29.042236,Gulf + Caribbean,27.409801,Atlantic MDR
1981,10,28.27845,Gulf + Caribbean,27.209738,Atlantic MDR
1981,11,27.104507,Gulf + Caribbean,26.702312,Atlantic MDR
1981,12,25.786236,Gulf + Caribbean,25.754244,Atlantic MDR
1982,1,24.845865,Gulf + Caribbean,24.637222,Atlantic MDR
1982,2,24.67359,Gulf + Caribbean,23.83031,Atlantic MDR
1982,3,24.945158,Gulf + Caribbean,23.791262,Atlantic MDR
1982,4,25.690176,Gulf + Caribbean,24.061066,Atlantic MDR
1982,5,26.608288,Gulf + Caribbean,24.798239,Atlantic MDR
1982,6,27.896795,Gulf + Caribbean,25.432903,Atlantic MDR
1982,7,28.459414,Gulf + Caribbean,25.910566,Atlantic MDR
1982,8,28.796368,Gulf + Caribbean,26.481464,Atlantic MDR
1982,9,28.761234,Gulf + Caribbean,26.9115,Atlantic MDR
1982,10,28.129148,Gulf + Caribbean,26.854345,Atlantic MDR
1982,11,26.920557,Gulf + Caribbean,26.133484,Atlantic MDR
1982,12,25.842743,Gulf + Caribbean,24.9659,Atlantic MDR
1983,1,25.024048,Gulf + Caribbean,24.056028,Atlantic MDR
1983,2,24.465528,Gulf + Caribbean,23.803858,Atlantic MDR
1983,3,24.701244,Gulf + Caribbean,24.299015,Atlantic MDR
1983,4,25.40871,Gulf + Caribbean,24.656687,Atlantic MDR
1983,5,26.735472,Gulf + Caribbean,24.891151,Atlantic MDR
1983,6,28.152544,Gulf + Caribbean,25.836164,Atlantic MDR
1983,7,28.644123,Gulf + Caribbean,26.30619,Atlantic MDR
1983,8,29.046312,Gulf + Caribbean,26.720049,Atlantic MDR
1983,9,28.931114,Gulf + Caribbean,27.007019,Atlantic MDR
1983,10,28.285276,Gulf + Caribbean,27.000622,Atlantic MDR
1983,11,27.192707,Gulf + Caribbean,26.62699,Atlantic MDR
1983,12,26.243387,Gulf + Caribbean,25.723455,Atlantic MDR
1984,1,25.156443,Gulf + Caribbean,24.357897,Atlantic MDR
1984,2,24.651604,Gulf + Caribbean,23.609411,Atlantic MDR
1984,3,24.671541,Gulf + Caribbean,23.6985,Atlantic MDR
1984,4,25.450428,Gulf + Caribbean,24.013044,Atlantic MDR
1984,5,26.663296,Gulf + Caribbean,24.637878,Atlantic MDR
1984,6,27.384472,Gulf + Caribbean,25.090492,Atlantic MDR
1984,7,28.054348,Gulf + Caribbean,25.654467,Atlantic MDR
1984,8,28.290983,Gulf + Caribbean,26.4055,Atlantic MDR
1984,9,28.297634,Gulf + Caribbean,26.912594,Atlantic MDR
1984,10,27.546665,Gulf + Caribbean,26.604692,Atlantic MDR
1984,11,26.593767,Gulf + Caribbean,26.115252,Atlantic MDR
1984,12,25.51272,Gulf + Caribbean,24.913805,Atlantic MDR
1985,1,24.475454,Gulf + Caribbean,24.031069,Atlantic MDR
1985,2,24.185102,Gulf + Caribbean,23.53594,Atlantic MDR
1985,3,24.657658,Gulf + Caribbean,23.246443,Atlantic MDR
1985,4,25.301874,Gulf + Caribbean,23.592026,Atlantic MDR
1985,5,26.76956,Gulf + Caribbean,24.092422,Atlantic MDR
1985,6,27.959177,Gulf + Caribbean,25.302649,Atlantic MDR
1985,7,28.390654,Gulf + Caribbean,26.098438,Atlantic MDR
1985,8,28.662851,Gulf + Caribbean,26.682331,Atlantic MDR
1985,9,28.5596,Gulf + Caribbean,27.045969,Atlantic MDR
1985,10,28.045282,Gulf + Caribbean,27.047543,Atlantic MDR
1985,11,26.916483,Gulf + Caribbean,26.539074,Atlantic MDR
1985,12,25.759605,Gulf + Caribbean,25.253431,Atlantic MDR
1986,1,24.764885,Gulf + Caribbean,23.78534,Atlantic MDR
1986,2,24.542406,Gulf + Caribbean,23.195604,Atlantic MDR
1986,3,24.505041,Gulf + Caribbean,23.201761,Atlantic MDR
1986,4,25.30778,Gulf + Caribbean,23.511501,Atlantic MDR
1986,5,26.511858,Gulf + Caribbean,24.171337,Atlantic MDR
1986,6,27.7832,Gulf + Caribbean,24.852007,Atlantic MDR
1986,7,28.36754,Gulf + Caribbean,25.679419,Atlantic MDR
1986,8,28.6474,Gulf + Caribbean,26.314604,Atlantic MDR
1986,9,28.713266,Gulf + Caribbean,27.252666,Atlantic MDR
1986,10,28.203747,Gulf + Caribbean,26.956295,Atlantic MDR
1986,11,27.16113,Gulf + Caribbean,25.918846,Atlantic MDR
1986,12,26.07642,Gulf + Caribbean,24.683722,Atlantic MDR
1987,1,25.041052,Gulf + Caribbean,24.090374,Atlantic MDR
1987,2,24.632187,Gulf + Caribbean,23.67254,Atlantic MDR
1987,3,24.649014,Gulf + Caribbean,24.084898,Atlantic MDR
1987,4,25.450752,Gulf + Caribbean,24.549997,Atlantic MDR
1987,5,27.007986,Gulf + Caribbean,25.146788,Atlantic MDR
1987,6,28.126556,Gulf + Caribbean,26.137596,Atlantic MDR
1987,7,28.887085,Gulf + Caribbean,26.570177,Atlantic MDR
1987,8,29.319838,Gulf + Caribbean,27.27811,Atlantic MDR
1987,9,29.331991,Gulf + Caribbean,27.599043,Atlantic MDR
1987,10,28.369543,Gulf + Caribbean,27.593422,Atlantic MDR
1987,11,27.135359,Gulf + Caribbean,26.881992,Atlantic MDR
1987,12,25.95292,Gulf + Caribbean,25.978632,Atlantic MDR
1988,1,24.743942,Gulf + Caribbean,24.610205,Atlantic MDR
1988,2,24.405539,Gulf + Caribbean,23.776413,Atlantic MDR
1988,3,24.596992,Gulf + Caribbean,24.110332,Atlantic MDR
1988,4,25.420975,Gulf + Caribbean,24.605148,Atlantic MDR
1988,5,26.642124,Gulf + Caribbean,25.066233,Atlantic MDR
1988,6,27.870073,Gulf + Caribbean,25.874496,Atlantic MDR
1988,7,28.445673,Gulf + Caribbean,26.313862,Atlantic MDR
1988,8,28.829441,Gulf + Caribbean,26.73596,Atlantic MDR
1988,9,28.679083,Gulf + Caribbean,27.23668,Atlantic MDR
1988,10,27.902517,Gulf + Caribbean,26.921295,Atlantic MDR
1988,11,26.995642,Gulf + Caribbean,26.312336,Atlantic MDR
1988,12,25.545893,Gulf + Caribbean,25.203018,Atlantic MDR
1989,1,24.887655,Gulf + Caribbean,24.000088,Atlantic MDR
1989,2,24.587196,Gulf + Caribbean,23.325312,Atlantic MDR
1989,3,24.581656,Gulf + Caribbean,23.123774,Atlantic MDR
1989,4,25.365967,Gulf + Caribbean,23.23557,Atlantic MDR
1989,5,26.552233,Gulf + Caribbean,24.071096,Atlantic MDR
1989,6,27.743319,Gulf + Caribbean,25.406374,Atlantic MDR
1989,7,28.484974,Gulf + Caribbean,26.38124,Atlantic MDR
1989,8,28.803553,Gulf + Caribbean,27.187595,Atlantic MDR
1989,9,28.753107,Gulf + Caribbean,27.260504,Atlantic MDR
1989,10,28.07855,Gulf + Caribbean,27.294123,Atlantic MDR
1989,11,27.146719,Gulf + Caribbean,26.505667,Atlantic MDR
1989,12,25.817564,Gulf + Caribbean,25.68792,Atlantic MDR
1990,1,25.058424,Gulf + Caribbean,24.356651,Atlantic MDR
1990,2,24.783163,Gulf + Caribbean,23.758678,Atlantic MDR
1990,3,24.745384,Gulf + Caribbean,23.797916,Atlantic MDR
1990,4,25.473574,Gulf + Caribbean,24.25313,Atlantic MDR
1990,5,26.728643,Gulf + Caribbean,24.926443,Atlantic MDR
1990,6,27.918943,Gulf + Caribbean,25.494759,Atlantic MDR
1990,7,28.454165,Gulf + Caribbean,26.119724,Atlantic MDR
1990,8,28.941872,Gulf + Caribbean,27.094614,Atlantic MDR
1990,9,29.071146,Gulf + Caribbean,27.614702,Atlantic MDR
1990,10,28.46483,Gulf + Caribbean,27.570513,Atlantic MDR
1990,11,27.094938,Gulf + Caribbean,26.888758,Atlantic MDR
1990,12,25.796255,Gulf + Caribbean,25.622873,Atlantic MDR
1991,1,25.122221,Gulf + Caribbean,24.278728,Atlantic MDR
1991,2,24.742874,Gulf + Caribbean,23.75109,Atlantic MDR
1991,3,24.910664,Gulf + Caribbean,23.604555,Atlantic MDR
1991,4,25.636189,Gulf + Caribbean,23.784325,Atlantic MDR
1991,5,27.01541,Gulf + Caribbean,24.341278,Atlantic MDR
1991,6,28.016378,Gulf + Caribbean,24.996977,Atlantic MDR
1991,7,28.549633,Gulf + Caribbean,25.645597,Atlantic MDR
1991,8,28.97174,Gulf + Caribbean,26.451698,Atlantic MDR
1991,9,28.851608,Gulf + Caribbean,27.092947,Atlantic MDR
1991,10,28.060799,Gulf + Caribbean,27.069054,Atlantic MDR
1991,11,26.741014,Gulf + Caribbean,26.405157,Atlantic MDR
1991,12,25.713013,Gulf + Caribbean,25.277155,Atlantic MDR
1992,1,24.716898,Gulf + Caribbean,24.436165,Atlantic MDR
1992,2,24.439655,Gulf + Caribbean,23.88575,Atlantic MDR
1992,3,24.67178,Gulf + Caribbean,23.616894,Atlantic MDR
1992,4,25.311749,Gulf + Caribbean,23.824057,Atlantic MDR
1992,5,26.282513,Gulf + Caribbean,24.53142,Atlantic MDR
1992,6,27.871468,Gulf + Caribbean,25.358814,Atlantic MDR
1992,7,28.524017,Gulf + Caribbean,26.11477,Atlantic MDR
1992,8,28.735437,Gulf + Caribbean,26.495779,Atlantic MDR
1992,9,28.71085,Gulf + Caribbean,26.90446,Atlantic MDR
1992,10,28.04506,Gulf + Caribbean,27.055698,Atlantic MDR
1992,11,26.923294,Gulf + Caribbean,26.182215,Atlantic MDR
1992,12,25.81045,Gulf + Caribbean,25.165438,Atlantic MDR
1993,1,25.169664,Gulf + Caribbean,24.144741,Atlantic MDR
1993,2,24.646656,Gulf + Caribbean,23.536568,Atlantic MDR
1993,3,24.44485,Gulf + Caribbean,23.565536,Atlantic MDR
1993,4,25.353216,Gulf + Caribbean,24.062336,Atlantic MDR
1993,5,26.482183,Gulf + Caribbean,24.6467,Atlantic MDR
1993,6,27.863886,Gulf + Caribbean,25.52242,Atlantic MDR
1993,7,28.537704,Gulf + Caribbean,25.853289,Atlantic MDR
1993,8,28.947783,Gulf + Caribbean,26.529501,Atlantic MDR
1993,9,28.964962,Gulf + Caribbean,27.000603,Atlantic MDR
1993,10,28.248695,Gulf + Caribbean,26.8978,Atlantic MDR
1993,11,27.073639,Gulf + Caribbean,26.078629,Atlantic MDR
1993,12,25.888552,Gulf + Caribbean,24.91059,Atlantic MDR
1994,1,24.716398,Gulf + Caribbean,23.69975,Atlantic MDR
1994,2,24.54608,Gulf + Caribbean,23.128513,Atlantic MDR
1994,3,24.666996,Gulf + Caribbean,23.106165,Atlantic MDR
1994,4,25.72,Gulf + Caribbean,23.64178,Atlantic MDR
1994,5,27.02195,Gulf + Caribbean,24.169584,Atlantic MDR
1994,6,28.080133,Gulf + Caribbean,24.984598,Atlantic MDR
1994,7,28.389532,Gulf + Caribbean,25.585167,Atlantic MDR
1994,8,28.597002,Gulf + Caribbean,26.338366,Atlantic MDR
1994,9,28.673431,Gulf + Caribbean,26.832249,Atlantic MDR
1994,10,28.129822,Gulf + Caribbean,27.025818,Atlantic MDR
1994,11,27.285656,Gulf + Caribbean,26.485563,Atlantic MDR
1994,12,26.1194,Gulf + Caribbean,25.29481,Atlantic MDR
1995,1,25.064869,Gulf + Caribbean,24.320799,Atlantic MDR
1995,2,24.642412,Gulf + Caribbean,23.766565,Atlantic MDR
1995,3,24.9492,Gulf + Caribbean,23.720783,Atlantic MDR
1995,4,25.818573,Gulf + Caribbean,24.298546,Atlantic MDR
1995,5,26.986258,Gulf + Caribbean,25.120884,Atlantic MDR
1995,6,28.195198,Gulf + Caribbean,26.040052,Atlantic MDR
1995,7,28.847904,Gulf + Caribbean,26.764345,Atlantic MDR
1995,8,29.085754,Gulf + Caribbean,27.443506,Atlantic MDR
1995,9,29.04392,Gulf + Caribbean,27.644337,Atlantic MDR
1995,10,28.346733,Gulf + Caribbean,27.563051,Atlantic MDR
1995,11,27.113722,Gulf + Caribbean,27.119865,Atlantic MDR
1995,12,26.085789,Gulf + Caribbean,25.928295,Atlantic MDR
1996,1,25.006145,Gulf + Caribbean,25.199411,Atlantic MDR
1996,2,24.535885,Gulf + Caribbean,24.22842,Atlantic MDR
1996,3,24.593618,Gulf + Caribbean,24.059103,Atlantic MDR
1996,4,25.339468,Gulf + Caribbean,24.521046,Atlantic MDR
1996,5,26.692724,Gulf + Caribbean,25.114216,Atlantic MDR
1996,6,27.915659,Gulf + Caribbean,25.665155,Atlantic MDR
1996,7,28.398882,Gulf + Caribbean,26.179495,Atlantic MDR
1996,8,28.600914,Gulf + Caribbean,26.658123,Atlantic MDR
1996,9,28.923288,Gulf + Caribbean,27.34773,Atlantic MDR
1996,10,28.114067,Gulf + Caribbean,27.262087,Atlantic MDR
1996,11,26.917274,Gulf + Caribbean,26.598772,Atlantic MDR
1996,12,25.70374,Gulf + Caribbean,25.562756,Atlantic MDR
1997,1,24.980022,Gulf + Caribbean,24.713446,Atlantic MDR
1997,2,24.745121,Gulf + Caribbean,24.171862,Atlantic MDR
1997,3,25.046469,Gulf + Caribbean,24.015694,Atlantic MDR
1997,4,25.515081,Gulf + Caribbean,24.55681,Atlantic MDR
1997,5,26.84763,Gulf + Caribbean,25.280424,Atlantic MDR
1997,6,28.139814,Gulf + Caribbean,26.160543,Atlantic MDR
1997,7,28.887667,Gulf + Caribbean,26.519701,Atlantic MDR
1997,8,29.09287,Gulf + Caribbean,26.961388,Atlantic MDR
1997,9,29.11765,Gulf + Caribbean,27.51272,Atlantic MDR
1997,10,28.410545,Gulf + Caribbean,27.796038,Atlantic MDR
1997,11,27.202005,Gulf + Caribbean,27.189928,Atlantic MDR
1997,12,26.05853,Gulf + Caribbean,25.930874,Atlantic MDR
1998,1,25.203775,Gulf + Caribbean,24.86892,Atlantic MDR
1998,2,24.83751,Gulf + Caribbean,24.628788,Atlantic MDR
1998,3,24.58524,Gulf + Caribbean,24.580877,Atlantic MDR
1998,4,25.63888,Gulf + Caribbean,24.76149,Atlantic MDR
1998,5,26.99861,Gulf + Caribbean,25.340818,Atlantic MDR
1998,6,28.492998,Gulf + Caribbean,26.172163,Atlantic MDR
1998,7,29.060204,Gulf + Caribbean,26.596199,Atlantic MDR
1998,8,29.507433,Gulf + Caribbean,27.353725,Atlantic MDR
1998,9,29.242056,Gulf + Caribbean,27.693008,Atlantic MDR
1998,10,28.53878,Gulf + Caribbean,27.646904,Atlantic MDR
1998,11,27.27659,Gulf + Caribbean,27.013369,Atlantic MDR
1998,12,26.263275,Gulf + Caribbean,25.705353,Atlantic MDR
1999,1,25.335052,Gulf + Caribbean,24.26496,Atlantic MDR
1999,2,24.79942,Gulf + Caribbean,23.582468,Atlantic MDR
1999,3,24.848417,Gulf + Caribbean,23.536167,Atlantic MDR
1999,4,25.79194,Gulf + Caribbean,24.057062,Atlantic MDR
1999,5,27.067642,Gulf + Caribbean,24.867048,Atlantic MDR
1999,6,28.149197,Gulf + Caribbean,25.600786,Atlantic MDR
1999,7,28.605186,Gulf + Caribbean,26.22886,Atlantic MDR
1999,8,29.24941,Gulf + Caribbean,27.09392,Atlantic MDR
1999,9,29.116621,Gulf + Caribbean,27.556898,Atlantic MDR
1999,10,28.2422,Gulf + Caribbean,27.415127,Atlantic MDR
1999,11,26.987453,Gulf + Caribbean,26.653938,Atlantic MDR
1999,12,25.719349,Gulf + Caribbean,25.66974,Atlantic MDR
2000,1,24.722532,Gulf + Caribbean,24.12768,Atlantic MDR
2000,2,24.384903,Gulf + Caribbean,23.651936,Atlantic MDR
2000,3,24.786814,Gulf + Caribbean,23.847023,Atlantic MDR
2000,4,25.50068,Gulf + Caribbean,24.11785,Atlantic MDR
2000,5,26.87667,Gulf + Caribbean,24.653103,Atlantic MDR
2000,6,27.985874,Gulf + Caribbean,25.29791,Atlantic MDR
2000,7,28.675558,Gulf + Caribbean,26.073036,Atlantic MDR
2000,8,28.957947,Gulf + Caribbean,26.87042,Atlantic MDR
2000,9,29.04382,Gulf + Caribbean,27.158003,Atlantic MDR
2000,10,28.174446,Gulf + Caribbean,27.07761,Atlantic MDR
2000,11,27.050879,Gulf + Caribbean,26.324474,Atlantic MDR
2000,12,25.833128,Gulf + Caribbean,25.227459,Atlantic MDR
2001,1,24.783644,Gulf + Caribbean,24.297073,Atlantic MDR
2001,2,24.678072,Gulf + Caribbean,23.659838,Atlantic MDR
2001,3,24.753824,Gulf + Caribbean,23.9699,Atlantic MDR
2001,4,25.526402,Gulf + Caribbean,24.211647,Atlantic MDR
2001,5,26.71704,Gulf + Caribbean,24.831589,Atlantic MDR
2001,6,28.258581,Gulf + Caribbean,25.759579,Atlantic MDR
2001,7,28.6526,Gulf + Caribbean,26.389404,Atlantic MDR
2001,8,29.04329,Gulf + Caribbean,27.114346,Atlantic MDR
2001,9,29.160536,Gulf + Caribbean,27.788067,Atlantic MDR
2001,10,28.380077,Gulf + Caribbean,27.724077,Atlantic MDR
2001,11,27.075317,Gulf + Caribbean,27.245295,Atlantic MDR
2001,12,26.115103,Gulf + Caribbean,26.154179,Atlantic MDR
2002,1,25.16146,Gulf + Caribbean,25.231234,Atlantic MDR
2002,2,24.836967,Gulf + Caribbean,24.393524,Atlantic MDR
2002,3,25.021143,Gulf + Caribbean,24.192453,Atlantic MDR
2002,4,26.015148,Gulf + Caribbean,24.157272,Atlantic MDR
2002,5,26.990843,Gulf + Caribbean,24.552298,Atlantic MDR
2002,6,27.83692,Gulf + Caribbean,25.320166,Atlantic MDR
2002,7,28.52206,Gulf + Caribbean,25.941244,Atlantic MDR
2002,8,28.964743,Gulf + Caribbean,26.608818,Atlantic MDR
2002,9,28.970886,Gulf + Caribbean,27.237778,Atlantic MDR
2002,10,28.621813,Gulf + Caribbean,27.543768,Atlantic MDR
2002,11,27.46678,Gulf + Caribbean,26.803017,Atlantic MDR
2002,12,26.127731,Gulf + Caribbean,25.617807,Atlantic MDR
2003,1,24.93077,Gulf + Caribbean,24.66956,Atlantic MDR
2003,2,24.588434,Gulf + Caribbean,23.814507,Atlantic MDR
2003,3,25.306314,Gulf + Caribbean,23.857492,Atlantic MDR
2003,4,25.786104,Gulf + Caribbean,24.230482,Atlantic MDR
2003,5,27.206799,Gulf + Caribbean,24.794067,Atlantic MDR
2003,6,28.197714,Gulf + Caribbean,25.743603,Atlantic MDR
2003,7,28.67656,Gulf + Caribbean,26.46495,Atlantic MDR
2003,8,29.097015,Gulf + Caribbean,27.374624,Atlantic MDR
2003,9,29.166725,Gulf + Caribbean,27.864637,Atlantic MDR
2003,10,28.649328,Gulf + Caribbean,27.985598,Atlantic MDR
2003,11,27.57265,Gulf + Caribbean,27.035917,Atlantic MDR
2003,12,25.992138,Gulf + Caribbean,25.9378,Atlantic MDR
2004,1,25.030483,Gulf + Caribbean,24.932331,Atlantic MDR
2004,2,24.730707,Gulf + Caribbean,24.370176,Atlantic MDR
2004,3,24.94311,Gulf + Caribbean,24.190489,Atlantic MDR
2004,4,25.759665,Gulf + Caribbean,24.617708,Atlantic MDR
2004,5,26.740526,Gulf + Caribbean,24.91456,Atlantic MDR
2004,6,28.245573,Gulf + Caribbean,25.82547,Atlantic MDR
2004,7,28.876354,Gulf + Caribbean,26.613691,Atlantic MDR
2004,8,29.124523,Gulf + Caribbean,27.508186,Atlantic MDR
2004,9,28.977844,Gulf + Caribbean,27.814413,Atlantic MDR
2004,10,28.410156,Gulf + Caribbean,27.790222,Atlantic MDR
2004,11,27.206835,Gulf + Caribbean,27.225773,Atlantic MDR
2004,12,26.063078,Gulf + Caribbean,25.957832,Atlantic MDR
2005,1,24.944834,Gulf + Caribbean,24.815174,Atlantic MDR
2005,2,24.448984,Gulf + Caribbean,24.145899,Atlantic MDR
2005,3,24.843008,Gulf + Caribbean,24.482445,Atlantic MDR
2005,4,25.77728,Gulf + Caribbean,24.976532,Atlantic MDR
2005,5,26.957438,Gulf + Caribbean,25.770771,Atlantic MDR
2005,6,28.473558,Gulf + Caribbean,26.443752,Atlantic MDR
2005,7,29.0967,Gulf + Caribbean,26.971212,Atlantic MDR
2005,8,29.494589,Gulf + Caribbean,27.490873,Atlantic MDR
2005,9,29.354292,Gulf + Caribbean,27.917461,Atlantic MDR
2005,10,28.53383,Gulf + Caribbean,27.700289,Atlantic MDR
2005,11,27.2587,Gulf + Caribbean,26.96164,Atlantic MDR
2005,12,25.874092,Gulf + Caribbean,25.983376,Atlantic MDR
2006,1,25.010248,Gulf + Caribbean,24.797657,Atlantic MDR
2006,2,24.541075,Gulf + Caribbean,23.997583,Atlantic MDR
2006,3,24.801016,Gulf + Caribbean,23.990696,Atlantic MDR
2006,4,25.697926,Gulf + Caribbean,24.574276,Atlantic MDR
2006,5,26.938715,Gulf + Caribbean,25.184402,Atlantic MDR
2006,6,28.16135,Gulf + Caribbean,26.03263,Atlantic MDR
2006,7,28.69509,Gulf + Caribbean,26.430815,Atlantic MDR
2006,8,29.17671,Gulf + Caribbean,27.311888,Atlantic MDR
2006,9,29.356392,Gulf + Caribbean,27.920462,Atlantic MDR
2006,10,28.65421,Gulf + Caribbean,27.9346,Atlantic MDR
2006,11,27.450943,Gulf + Caribbean,27.336033,Atlantic MDR
2006,12,26.184357,Gulf + Caribbean,25.915936,Atlantic MDR
2007,1,25.420065,Gulf + Caribbean,24.854225,Atlantic MDR
2007,2,24.973421,Gulf + Caribbean,24.389935,Atlantic MDR
2007,3,25.092203,Gulf + Caribbean,24.12689,Atlantic MDR
2007,4,25.86084,Gulf + Caribbean,24.579275,Atlantic MDR
2007,5,26.959383,Gulf + Caribbean,24.929413,Atlantic MDR
2007,6,28.017698,Gulf + Caribbean,25.643456,Atlantic MDR
2007,7,28.781708,Gulf + Caribbean,26.139065,Atlantic MDR
2007,8,29.198395,Gulf + Caribbean,26.701792,Atlantic MDR
2007,9,29.201872,Gulf + Caribbean,27.267082,Atlantic MDR
2007,10,28.514217,Gulf + Caribbean,27.371649,Atlantic MDR
2007,11,27.183819,Gulf + Caribbean,26.798426,Atlantic MDR
2007,12,26.100576,Gulf + Caribbean,25.499315,Atlantic MDR
2008,1,25.108877,Gulf + Caribbean,24.531982,Atlantic MDR
2008,2,24.938618,Gulf + Caribbean,24.023968,Atlantic MDR
2008,3,24.915401,Gulf + Caribbean,24.114193,Atlantic MDR
2008,4,25.655785,Gulf + Caribbean,24.270298,Atlantic MDR
2008,5,26.76269,Gulf + Caribbean,25.090462,Atlantic MDR
2008,6,28.148232,Gulf + Caribbean,25.924593,Atlantic MDR
2008,7,28.615774,Gulf + Caribbean,26.513401,Atlantic MDR
2008,8,29.091839,Gulf + Caribbean,27.178867,Atlantic MDR
2008,9,29.053959,Gulf + Caribbean,27.738344,Atlantic MDR
2008,10,28.286871,Gulf + Caribbean,27.546753,Atlantic MDR
2008,11,26.78591,Gulf + Caribbean,26.708704,Atlantic MDR
2008,12,25.41315,Gulf + Caribbean,25.606058,Atlantic MDR
2009,1,24.713099,Gulf + Caribbean,24.420918,Atlantic MDR
2009,2,24.22025,Gulf + Caribbean,23.425552,Atlantic MDR
2009,3,24.448324,Gulf + Caribbean,23.482924,Atlantic MDR
2009,4,25.382751,Gulf + Caribbean,23.889755,Atlantic MDR
2009,5,26.737814,Gulf + Caribbean,24.517975,Atlantic MDR
2009,6,28.171509,Gulf + Caribbean,25.542963,Atlantic MDR
2009,7,28.88622,Gulf + Caribbean,26.591454,Atlantic MDR
2009,8,29.178553,Gulf + Caribbean,27.207832,Atlantic MDR
2009,9,29.29585,Gulf + Caribbean,27.56737,Atlantic MDR
2009,10,28.695784,Gulf + Caribbean,27.871546,Atlantic MDR
2009,11,27.34194,Gulf + Caribbean,27.10806,Atlantic MDR
2009,12,26.150755,Gulf + Caribbean,26.02101,Atlantic MDR
2010,1,24.827955,Gulf + Caribbean,25.251123,Atlantic MDR
2010,2,24.366356,Gulf + Caribbean,24.948147,Atlantic MDR
2010,3,24.461035,Gulf + Caribbean,25.152157,Atlantic MDR
2010,4,25.65484,Gulf + Caribbean,25.639538,Atlantic MDR
2010,5,27.340849,Gulf + Caribbean,26.140501,Atlantic MDR
2010,6,28.904026,Gulf + Caribbean,26.621508,Atlantic MDR
2010,7,29.172857,Gulf + Caribbean,27.019724,Atlantic MDR
2010,8,29.634117,Gulf + Caribbean,27.698875,Atlantic MDR
2010,9,29.343815,Gulf + Caribbean,27.945879,Atlantic MDR
2010,10,28.502224,Gulf + Caribbean,27.935505,Atlantic MDR
2010,11,27.060566,Gulf + Caribbean,27.278059,Atlantic MDR
2010,12,25.39845,Gulf + Caribbean,26.44291,Atlantic MDR
2011,1,24.364767,Gulf + Caribbean,25.431095,Atlantic MDR
2011,2,24.282522,Gulf + Caribbean,24.381844,Atlantic MDR
2011,3,24.80554,Gulf + Caribbean,24.240505,Atlantic MDR
2011,4,26.046614,Gulf + Caribbean,24.504614,Atlantic MDR
2011,5,27.113056,Gulf + Caribbean,25.192652,Atlantic MDR
2011,6,28.330475,Gulf + Caribbean,26.117971,Atlantic MDR
2011,7,28.84284,Gulf + Caribbean,26.462296,Atlantic MDR
2011,8,29.340305,Gulf + Caribbean,27.165085,Atlantic MDR
2011,9,29.157969,Gulf + Caribbean,27.519085,Atlantic MDR
2011,10,28.305649,Gulf + Caribbean,27.604166,Atlantic MDR
2011,11,27.100428,Gulf + Caribbean,26.73611,Atlantic MDR
2011,12,25.802494,Gulf + Caribbean,25.628977,Atlantic MDR
2012,1,25.03926,Gulf + Caribbean,24.537771,Atlantic MDR
2012,2,24.784197,Gulf + Caribbean,23.798641,Atlantic MDR
2012,3,25.18976,Gulf + Caribbean,23.549385,Atlantic MDR
2012,4,25.936708,Gulf + Caribbean,23.980532,Atlantic MDR
2012,5,27.054428,Gulf + Caribbean,24.87004,Atlantic MDR
2012,6,28.165691,Gulf + Caribbean,25.813179,Atlantic MDR
2012,7,28.778568,Gulf + Caribbean,26.371801,Atlantic MDR
2012,8,29.189737,Gulf + Caribbean,27.333231,Atlantic MDR
2012,9,29.182497,Gulf + Caribbean,27.986889,Atlantic MDR
2012,10,28.604206,Gulf + Caribbean,27.99619,Atlantic MDR
2012,11,26.993217,Gulf + Caribbean,27.295149,Atlantic MDR
2012,12,25.990343,Gulf + Caribbean,25.95372,Atlantic MDR
2013,1,25.15447,Gulf + Caribbean,24.839272,Atlantic MDR
2013,2,24.857922,Gulf + Caribbean,24.195816,Atlantic MDR
2013,3,24.630278,Gulf + Caribbean,24.567738,Atlantic MDR
2013,4,25.703259,Gulf + Caribbean,24.737257,Atlantic MDR
2013,5,26.6614,Gulf + Caribbean,25.4625,Atlantic MDR
2013,6,28.0298,Gulf + Caribbean,25.785088,Atlantic MDR
2013,7,28.512373,Gulf + Caribbean,26.414938,Atlantic MDR
2013,8,29.077866,Gulf + Caribbean,27.310938,Atlantic MDR
2013,9,29.203756,Gulf + Caribbean,27.781483,Atlantic MDR
2013,10,28.660471,Gulf + Caribbean,27.886656,Atlantic MDR
2013,11,27.333242,Gulf + Caribbean,26.919653,Atlantic MDR
2013,12,26.118044,Gulf + Caribbean,25.7322,Atlantic MDR
2014,1,25.085678,Gulf + Caribbean,24.493843,Atlantic MDR
2014,2,24.899834,Gulf + Caribbean,23.682205,Atlantic MDR
2014,3,25.07647,Gulf + Caribbean,23.406698,Atlantic MDR
2014,4,25.814575,Gulf + Caribbean,23.946037,Atlantic MDR
2014,5,26.886677,Gulf + Caribbean,24.677528,Atlantic MDR
2014,6,28.173677,Gulf + Caribbean,25.387056,Atlantic MDR
2014,7,28.810635,Gulf + Caribbean,26.220749,Atlantic MDR
2014,8,29.224665,Gulf + Caribbean,26.998398,Atlantic MDR
2014,9,29.327961,Gulf + Caribbean,27.76131,Atlantic MDR
2014,10,28.771664,Gulf + Caribbean,27.746841,Atlantic MDR
2014,11,27.184605,Gulf + Caribbean,26.913454,Atlantic MDR
2014,12,26.190603,Gulf + Caribbean,25.739119,Atlantic MDR
2015,1,25.359324,Gulf + Caribbean,24.481165,Atlantic MDR
2015,2,24.845438,Gulf + Caribbean,23.81179,Atlantic MDR
2015,3,25.367817,Gulf + Caribbean,23.60993,Atlantic MDR
2015,4,26.371572,Gulf + Caribbean,23.852026,Atlantic MDR
2015,5,27.353693,Gulf + Caribbean,24.779959,Atlantic MDR
2015,6,28.372906,Gulf + Caribbean,25.364017,Atlantic MDR
2015,7,28.85771,Gulf + Caribbean,26.232304,Atlantic MDR
2015,8,29.347528,Gulf + Caribbean,27.222784,Atlantic MDR
2015,9,29.654621,Gulf + Caribbean,27.989674,Atlantic MDR
2015,10,28.84939,Gulf + Caribbean,28.154362,Atlantic MDR
2015,11,27.853453,Gulf + Caribbean,27.032778,Atlantic MDR
2015,12,26.756828,Gulf + Caribbean,25.841091,Atlantic MDR
2016,1,25.690716,Gulf + Caribbean,24.897404,Atlantic MDR
2016,2,25.008486,Gulf + Caribbean,24.255106,Atlantic MDR
2016,3,25.384611,Gulf + Caribbean,24.135767,Atlantic MDR
2016,4,26.259083,Gulf + Caribbean,24.427547,Atlantic MDR
2016,5,27.53093,Gulf + Caribbean,25.09723,Atlantic MDR
2016,6,28.677309,Gulf + Caribbean,25.897238,Atlantic MDR
2016,7,29.392824,Gulf + Caribbean,26.406788,Atlantic MDR
2016,8,29.637989,Gulf + Caribbean,27.184738,Atlantic MDR
2016,9,29.63107,Gulf + Caribbean,27.516367,Atlantic MDR
2016,10,28.95801,Gulf + Caribbean,27.593117,Atlantic MDR
2016,11,27.467964,Gulf + Caribbean,26.985815,Atlantic MDR
2016,12,26.482542,Gulf + Caribbean,25.943943,Atlantic MDR
2017,1,25.441969,Gulf + Caribbean,24.866093,Atlantic MDR
2017,2,25.229631,Gulf + Caribbean,24.03093,Atlantic MDR
2017,3,25.26176,Gulf + Caribbean,23.898825,Atlantic MDR
2017,4,26.141973,Gulf + Caribbean,24.663406,Atlantic MDR
2017,5,27.22219,Gulf + Caribbean,25.374292,Atlantic MDR
2017,6,28.297909,Gulf + Caribbean,26.13613,Atlantic MDR
2017,7,29.064522,Gulf + Caribbean,26.64807,Atlantic MDR
2017,8,29.415663,Gulf + Caribbean,27.37476,Atlantic MDR
2017,9,29.309555,Gulf + Caribbean,27.696768,Atlantic MDR
2017,10,28.601006,Gulf + Caribbean,27.604073,Atlantic MDR
2017,11,27.451136,Gulf + Caribbean,27.093494,Atlantic MDR
2017,12,26.304472,Gulf + Caribbean,25.990036,Atlantic MDR
2018,1,25.05975,Gulf + Caribbean,24.645658,Atlantic MDR
2018,2,24.991228,Gulf + Caribbean,23.693811,Atlantic MDR
2018,3,25.224613,Gulf + Caribbean,23.790947,Atlantic MDR
2018,4,25.956394,Gulf + Caribbean,23.931559,Atlantic MDR
2018,5,27.00451,Gulf + Caribbean,24.275986,Atlantic MDR
2018,6,28.298412,Gulf + Caribbean,24.908327,Atlantic MDR
2018,7,28.795305,Gulf + Caribbean,25.803558,Atlantic MDR
2018,8,29.1238,Gulf + Caribbean,26.658857,Atlantic MDR
2018,9,29.379541,Gulf + Caribbean,27.404793,Atlantic MDR
2018,10,28.679184,Gulf + Caribbean,27.440453,Atlantic MDR
2018,11,27.397072,Gulf + Caribbean,26.454523,Atlantic MDR
2018,12,26.034037,Gulf + Caribbean,25.355095,Atlantic MDR
2019,1,25.105877,Gulf + Caribbean,24.445728,Atlantic MDR
2019,2,24.970577,Gulf + Caribbean,23.918432,Atlantic MDR
2019,3,25.15748,Gulf + Caribbean,23.802114,Atlantic MDR
2019,4,26.001865,Gulf + Caribbean,24.140121,Atlantic MDR
2019,5,27.264748,Gulf + Caribbean,24.861206,Atlantic MDR
2019,6,28.54555,Gulf + Caribbean,25.812265,Atlantic MDR
2019,7,29.117266,Gulf + Caribbean,26.475067,Atlantic MDR
2019,8,29.514942,Gulf + Caribbean,27.205904,Atlantic MDR
2019,9,29.370361,Gulf + Caribbean,27.770472,Atlantic MDR
2019,10,28.836435,Gulf + Caribbean,27.555044,Atlantic MDR
2019,11,27.570541,Gulf + Caribbean,26.721497,Atlantic MDR
2019,12,26.45506,Gulf + Caribbean,25.592476,Atlantic MDR
2020,1,25.525074,Gulf + Caribbean,24.558886,Atlantic MDR
2020,2,25.271578,Gulf + Caribbean,24.251041,Atlantic MDR
2020,3,25.664715,Gulf + Caribbean,24.462378,Atlantic MDR
2020,4,26.520044,Gulf + Caribbean,24.746784,Atlantic MDR
2020,5,27.365627,Gulf + Caribbean,25.246006,Atlantic MDR
2020,6,28.391247,Gulf + Caribbean,26.204943,Atlantic MDR
2020,7,29.187805,Gulf + Caribbean,26.723345,Atlantic MDR
2020,8,29.498764,Gulf + Caribbean,27.336132,Atlantic MDR
2020,9,29.43981,Gulf + Caribbean,27.729029,Atlantic MDR
2020,10,28.769701,Gulf + Caribbean,27.751825,Atlantic MDR
2020,11,27.470182,Gulf + Caribbean,26.898006,Atlantic MDR
2020,12,26.078075,Gulf + Caribbean,25.861376,Atlantic MDR
2021,1,25.240149,Gulf + Caribbean,24.856876,Atlantic MDR
2021,2,24.903177,Gulf + Caribbean,24.192308,Atlantic MDR
2021,3,25.108805,Gulf + Caribbean,23.913795,Atlantic MDR
2021,4,25.918135,Gulf + Caribbean,24.490467,Atlantic MDR
2021,5,27.222088,Gulf + Caribbean,25.00437,Atlantic MDR
2021,6,28.128763,Gulf + Caribbean,25.58133,Atlantic MDR
2021,7,28.606928,Gulf + Caribbean,26.281723,Atlantic MDR
2021,8,29.207375,Gulf + Caribbean,26.947268,Atlantic MDR
2021,9,29.36245,Gulf + Caribbean,27.675898,Atlantic MDR
2021,10,28.720121,Gulf + Caribbean,27.574219,Atlantic MDR
2021,11,27.5879,Gulf + Caribbean,26.957499,Atlantic MDR
2021,12,26.703798,Gulf + Caribbean,25.858152,Atlantic MDR
2022,1,25.741852,Gulf + Caribbean,25.000702,Atlantic MDR
2022,2,25.251904,Gulf + Caribbean,24.370567,Atlantic MDR
2022,3,25.309385,Gulf + Caribbean,23.853481,Atlantic MDR
2022,4,26.112896,Gulf + Caribbean,24.201902,Atlantic MDR
2022,5,27.288038,Gulf + Caribbean,25.11935,Atlantic MDR
2022,6,28.405659,Gulf + Caribbean,25.975994,Atlantic MDR
2022,7,28.87002,Gulf + Caribbean,26.356157,Atlantic MDR
2022,8,29.34182,Gulf + Caribbean,27.176432,Atlantic MDR
2022,9,29.539154,Gulf + Caribbean,27.840136,Atlantic MDR
2022,10,28.648064,Gulf + Caribbean,27.649632,Atlantic MDR
2022,11,27.661373,Gulf + Caribbean,26.902182,Atlantic MDR
2022,12,26.55494,Gulf + Caribbean,25.94488,Atlantic MDR
2023,1,25.59914,Gulf + Caribbean,24.918892,Atlantic MDR
2023,2,25.196701,Gulf + Caribbean,24.029676,Atlantic MDR
2023,3,25.527672,Gulf + Caribbean,24.511322,Atlantic MDR
2023,4,26.301413,Gulf + Caribbean,25.000189,Atlantic MDR
2023,5,27.532751,Gulf + Caribbean,25.847698,Atlantic MDR
2023,6,28.777449,Gulf + Caribbean,27.043373,Atlantic MDR
2023,7,29.709799,Gulf + Caribbean,27.634378,Atlantic MDR
2023,8,30.077522,Gulf + Caribbean,28.208586,Atlantic MDR
2023,9,29.922543,Gulf + Caribbean,28.717335,Atlantic MDR
2023,10,29.13272,Gulf + Caribbean,28.562546,Atlantic MDR
2023,11,27.922928,Gulf + Caribbean,27.71737,Atlantic MDR
2023,12,26.601147,Gulf + Caribbean,26.694574,Atlantic MDR
2024,1,25.61491,Gulf + Caribbean,25.900408,Atlantic MDR
2024,2,25.291615,Gulf + Caribbean,25.493872,Atlantic MDR
2024,3,25.759651,Gulf + Caribbean,25.218504,Atlantic MDR
2024,4,26.29393,Gulf + Caribbean,25.518051,Atlantic MDR
2024,5,27.823565,Gulf + Caribbean,26.19305,Atlantic MDR
2024,6,29.023342,Gulf + Caribbean,26.877275,Atlantic MDR
2024,7,29.465275,Gulf + Caribbean,27.221241,Atlantic MDR
2024,8,30.010334,Gulf + Caribbean,27.899252,Atlantic MDR
2024,9,29.972414,Gulf + Caribbean,28.244732,Atlantic MDR
2024,10,29.19967,Gulf + Caribbean,28.166454,Atlantic MDR
2024,11,27.97384,Gulf + Caribbean,27.52843,Atlantic MDR
2024,12,26.747917,Gulf + Caribbean,26.35559,Atlantic MDR
2025,1,25.704521,Gulf + Caribbean,25.319778,Atlantic MDR
2025,2,25.430393,Gulf + Caribbean,24.379725,Atlantic MDR
2025,3,25.51613,Gulf + Caribbean,24.213936,Atlantic MDR
2025,4,26.18865,Gulf + Caribbean,24.35517,Atlantic MDR
2025,5,27.517038,Gulf + Caribbean,25.000328,Atlantic MDR
2025,6,28.674213,Gulf + Caribbean,25.809908,Atlantic MDR
2025,7,29.219778,Gulf + Caribbean,26.65899,Atlantic MDR
2025,8,29.7253,Gulf + Caribbean,27.509916,Atlantic MDR
2025,9,29.626966,Gulf + Caribbean,27.919172,Atlantic MDR
2025,10,28.869686,Gulf + Caribbean,27.910877,Atlantic MDR
