Year,Month,mean_temp_icoads_gc,region_gc,mean_temp_icoads_mdr,region_mdr
1800,1,nan,Gulf + Caribbean,nan,Atlantic MDR
1800,2,nan,Gulf + Caribbean,nan,Atlantic MDR
1800,3,nan,Gulf + Caribbean,nan,Atlantic MDR
1800,4,nan,Gulf + Caribbean,nan,Atlantic MDR
1800,5,nan,Gulf + Caribbean,nan,Atlantic MDR
1800,6,nan,Gulf + Caribbean,nan,Atlantic MDR
1800,7,nan,Gulf + Caribbean,nan,Atlantic MDR
1800,8,nan,Gulf + Caribbean,nan,Atlantic MDR
1800,9,nan,Gulf + Caribbean,nan,Atlantic MDR
1800,10,nan,Gulf + Caribbean,nan,Atlantic MDR
1800,11,nan,Gulf + Caribbean,nan,Atlantic MDR
1800,12,nan,Gulf + Caribbean,nan,Atlantic MDR
1801,1,nan,Gulf + Caribbean,nan,Atlantic MDR
1801,2,nan,Gulf + Caribbean,nan,Atlantic MDR
1801,3,nan,Gulf + Caribbean,nan,Atlantic MDR
1801,4,nan,Gulf + Caribbean,nan,Atlantic MDR
1801,5,nan,Gulf + Caribbean,nan,Atlantic MDR
1801,6,nan,Gulf + Caribbean,nan,Atlantic MDR
1801,7,nan,Gulf + Caribbean,nan,Atlantic MDR
1801,8,nan,Gulf + Caribbean,25.508743,Atlantic MDR
1801,9,nan,Gulf + Caribbean,nan,Atlantic MDR
1801,10,nan,Gulf + Caribbean,nan,Atlantic MDR
1801,11,nan,Gulf + Caribbean,nan,Atlantic MDR
1801,12,nan,Gulf + Caribbean,nan,Atlantic MDR
1802,1,nan,Gulf + Caribbean,nan,Atlantic MDR
1802,2,nan,Gulf + Caribbean,nan,Atlantic MDR
1802,3,nan,Gulf + Caribbean,nan,Atlantic MDR
1802,4,nan,Gulf + Caribbean,nan,Atlantic MDR
1802,5,nan,Gulf + Caribbean,nan,Atlantic MDR
1802,6,nan,Gulf + Caribbean,nan,Atlantic MDR
1802,7,nan,Gulf + Caribbean,nan,Atlantic MDR
1802,8,nan,Gulf + Caribbean,nan,Atlantic MDR
1802,9,nan,Gulf + Caribbean,nan,Atlantic MDR
1802,10,nan,Gulf + Caribbean,nan,Atlantic MDR
1802,11,nan,Gulf + Caribbean,nan,Atlantic MDR
1802,12,nan,Gulf + Caribbean,nan,Atlantic MDR
1803,1,nan,Gulf + Caribbean,nan,Atlantic MDR
1803,2,nan,Gulf + Caribbean,nan,Atlantic MDR
1803,3,nan,Gulf + Caribbean,nan,Atlantic MDR
1803,4,nan,Gulf + Caribbean,nan,Atlantic MDR
1803,5,nan,Gulf + Caribbean,nan,Atlantic MDR
1803,6,nan,Gulf + Caribbean,nan,Atlantic MDR
1803,7,nan,Gulf + Caribbean,nan,Atlantic MDR
1803,8,nan,Gulf + Caribbean,nan,Atlantic MDR
1803,9,nan,Gulf + Caribbean,nan,Atlantic MDR
1803,10,nan,Gulf + Caribbean,nan,Atlantic MDR
1803,11,nan,Gulf + Caribbean,nan,Atlantic MDR
1803,12,nan,Gulf + Caribbean,nan,Atlantic MDR
1804,1,nan,Gulf + Caribbean,nan,Atlantic MDR
1804,2,nan,Gulf + Caribbean,nan,Atlantic MDR
1804,3,nan,Gulf + Caribbean,nan,Atlantic MDR
1804,4,nan,Gulf + Caribbean,nan,Atlantic MDR
1804,5,nan,Gulf + Caribbean,nan,Atlantic MDR
1804,6,nan,Gulf + Caribbean,nan,Atlantic MDR
1804,7,nan,Gulf + Caribbean,nan,Atlantic MDR
1804,8,nan,Gulf + Caribbean,nan,Atlantic MDR
1804,9,nan,Gulf + Caribbean,nan,Atlantic MDR
1804,10,nan,Gulf + Caribbean,nan,Atlantic MDR
1804,11,nan,Gulf + Caribbean,nan,Atlantic MDR
1804,12,nan,Gulf + Caribbean,nan,Atlantic MDR
1805,1,nan,Gulf + Caribbean,nan,Atlantic MDR
1805,2,nan,Gulf + Caribbean,nan,Atlantic MDR
1805,3,nan,Gulf + Caribbean,nan,Atlantic MDR
1805,4,nan,Gulf + Caribbean,nan,Atlantic MDR
1805,5,nan,Gulf + Caribbean,nan,Atlantic MDR
1805,6,nan,Gulf + Caribbean,nan,Atlantic MDR
1805,7,nan,Gulf + Caribbean,nan,Atlantic MDR
1805,8,nan,Gulf + Caribbean,nan,Atlantic MDR
1805,9,nan,Gulf + Caribbean,nan,Atlantic MDR
1805,10,nan,Gulf + Caribbean,nan,Atlantic MDR
1805,11,nan,Gulf + Caribbean,nan,Atlantic MDR
1805,12,nan,Gulf + Caribbean,nan,Atlantic MDR
1806,1,nan,Gulf + Caribbean,nan,Atlantic MDR
1806,2,nan,Gulf + Caribbean,nan,Atlantic MDR
1806,3,nan,Gulf + Caribbean,nan,Atlantic MDR
1806,4,nan,Gulf + Caribbean,nan,Atlantic MDR
1806,5,nan,Gulf + Caribbean,nan,Atlantic MDR
1806,6,nan,Gulf + Caribbean,nan,Atlantic MDR
1806,7,nan,Gulf + Caribbean,nan,Atlantic MDR
1806,8,nan,Gulf + Caribbean,nan,Atlantic MDR
1806,9,nan,Gulf + Caribbean,nan,Atlantic MDR
1806,10,nan,Gulf + Caribbean,nan,Atlantic MDR
1806,11,nan,Gulf + Caribbean,nan,Atlantic MDR
1806,12,nan,Gulf + Caribbean,nan,Atlantic MDR
1807,1,nan,Gulf + Caribbean,nan,Atlantic MDR
1807,2,nan,Gulf + Caribbean,nan,Atlantic MDR
1807,3,nan,Gulf + Caribbean,nan,Atlantic MDR
1807,4,nan,Gulf + Caribbean,nan,Atlantic MDR
1807,5,nan,Gulf + Caribbean,nan,Atlantic MDR
1807,6,nan,Gulf + Caribbean,nan,Atlantic MDR
1807,7,nan,Gulf + Caribbean,nan,Atlantic MDR
1807,8,nan,Gulf + Caribbean,nan,Atlantic MDR
1807,9,nan,Gulf + Caribbean,nan,Atlantic MDR
1807,10,nan,Gulf + Caribbean,nan,Atlantic MDR
1807,11,nan,Gulf + Caribbean,nan,Atlantic MDR
1807,12,nan,Gulf + Caribbean,nan,Atlantic MDR
1808,1,nan,Gulf + Caribbean,nan,Atlantic MDR
1808,2,nan,Gulf + Caribbean,nan,Atlantic MDR
1808,3,nan,Gulf + Caribbean,nan,Atlantic MDR
1808,4,nan,Gulf + Caribbean,nan,Atlantic MDR
1808,5,nan,Gulf + Caribbean,nan,Atlantic MDR
1808,6,nan,Gulf + Caribbean,nan,Atlantic MDR
1808,7,nan,Gulf + Caribbean,nan,Atlantic MDR
1808,8,nan,Gulf + Caribbean,nan,Atlantic MDR
1808,9,nan,Gulf + Caribbean,nan,Atlantic MDR
1808,10,nan,Gulf + Caribbean,nan,Atlantic MDR
1808,11,nan,Gulf + Caribbean,nan,Atlantic MDR
1808,12,nan,Gulf + Caribbean,nan,Atlantic MDR
1809,1,nan,Gulf + Caribbean,nan,Atlantic MDR
1809,2,nan,Gulf + Caribbean,nan,Atlantic MDR
1809,3,nan,Gulf + Caribbean,nan,Atlantic MDR
1809,4,nan,Gulf + Caribbean,nan,Atlantic MDR
1809,5,nan,Gulf + Caribbean,nan,Atlantic MDR
1809,6,nan,Gulf + Caribbean,nan,Atlantic MDR
1809,7,nan,Gulf + Caribbean,nan,Atlantic MDR
1809,8,nan,Gulf + Caribbean,nan,Atlantic MDR
1809,9,nan,Gulf + Caribbean,nan,Atlantic MDR
1809,10,nan,Gulf + Caribbean,nan,Atlantic MDR
1809,11,nan,Gulf + Caribbean,nan,Atlantic MDR
1809,12,nan,Gulf + Caribbean,nan,Atlantic MDR
1810,1,nan,Gulf + Caribbean,nan,Atlantic MDR
1810,2,nan,Gulf + Caribbean,nan,Atlantic MDR
1810,3,nan,Gulf + Caribbean,nan,Atlantic MDR
1810,4,nan,Gulf + Caribbean,nan,Atlantic MDR
1810,5,nan,Gulf + Caribbean,nan,Atlantic MDR
1810,6,nan,Gulf + Caribbean,nan,Atlantic MDR
1810,7,nan,Gulf + Caribbean,nan,Atlantic MDR
1810,8,nan,Gulf + Caribbean,nan,Atlantic MDR
1810,9,nan,Gulf + Caribbean,nan,Atlantic MDR
1810,10,nan,Gulf + Caribbean,nan,Atlantic MDR
1810,11,nan,Gulf + Caribbean,nan,Atlantic MDR
1810,12,nan,Gulf + Caribbean,nan,Atlantic MDR
1811,1,nan,Gulf + Caribbean,nan,Atlantic MDR
1811,2,nan,Gulf + Caribbean,nan,Atlantic MDR
1811,3,nan,Gulf + Caribbean,nan,Atlantic MDR
1811,4,nan,Gulf + Caribbean,nan,Atlantic MDR
1811,5,nan,Gulf + Caribbean,nan,Atlantic MDR
1811,6,nan,Gulf + Caribbean,nan,Atlantic MDR
1811,7,nan,Gulf + Caribbean,nan,Atlantic MDR
1811,8,nan,Gulf + Caribbean,nan,Atlantic MDR
1811,9,nan,Gulf + Caribbean,nan,Atlantic MDR
1811,10,nan,Gulf + Caribbean,nan,Atlantic MDR
1811,11,nan,Gulf + Caribbean,nan,Atlantic MDR
1811,12,nan,Gulf + Caribbean,nan,Atlantic MDR
1812,1,nan,Gulf + Caribbean,nan,Atlantic MDR
1812,2,nan,Gulf + Caribbean,nan,Atlantic MDR
1812,3,nan,Gulf + Caribbean,nan,Atlantic MDR
1812,4,nan,Gulf + Caribbean,nan,Atlantic MDR
1812,5,nan,Gulf + Caribbean,nan,Atlantic MDR
1812,6,nan,Gulf + Caribbean,nan,Atlantic MDR
1812,7,nan,Gulf + Caribbean,nan,Atlantic MDR
1812,8,nan,Gulf + Caribbean,nan,Atlantic MDR
1812,9,nan,Gulf + Caribbean,nan,Atlantic MDR
1812,10,nan,Gulf + Caribbean,nan,Atlantic MDR
1812,11,nan,Gulf + Caribbean,nan,Atlantic MDR
1812,12,nan,Gulf + Caribbean,nan,Atlantic MDR
1813,1,nan,Gulf + Caribbean,nan,Atlantic MDR
1813,2,nan,Gulf + Caribbean,nan,Atlantic MDR
1813,3,nan,Gulf + Caribbean,nan,Atlantic MDR
1813,4,nan,Gulf + Caribbean,nan,Atlantic MDR
1813,5,nan,Gulf + Caribbean,nan,Atlantic MDR
1813,6,nan,Gulf + Caribbean,nan,Atlantic MDR
1813,7,nan,Gulf + Caribbean,nan,Atlantic MDR
1813,8,nan,Gulf + Caribbean,nan,Atlantic MDR
1813,9,nan,Gulf + Caribbean,nan,Atlantic MDR
1813,10,nan,Gulf + Caribbean,nan,Atlantic MDR
1813,11,nan,Gulf + Caribbean,nan,Atlantic MDR
1813,12,nan,Gulf + Caribbean,nan,Atlantic MDR
1814,1,nan,Gulf + Caribbean,nan,Atlantic MDR
1814,2,nan,Gulf + Caribbean,nan,Atlantic MDR
1814,3,nan,Gulf + Caribbean,nan,Atlantic MDR
1814,4,nan,Gulf + Caribbean,nan,Atlantic MDR
1814,5,nan,Gulf + Caribbean,nan,Atlantic MDR
1814,6,nan,Gulf + Caribbean,nan,Atlantic MDR
1814,7,nan,Gulf + Caribbean,nan,Atlantic MDR
1814,8,nan,Gulf + Caribbean,nan,Atlantic MDR
1814,9,nan,Gulf + Caribbean,nan,Atlantic MDR
1814,10,nan,Gulf + Caribbean,nan,Atlantic MDR
1814,11,nan,Gulf + Caribbean,nan,Atlantic MDR
1814,12,nan,Gulf + Caribbean,nan,Atlantic MDR
1815,1,nan,Gulf + Caribbean,nan,Atlantic MDR
1815,2,nan,Gulf + Caribbean,nan,Atlantic MDR
1815,3,nan,Gulf + Caribbean,nan,Atlantic MDR
1815,4,nan,Gulf + Caribbean,nan,Atlantic MDR
1815,5,nan,Gulf + Caribbean,nan,Atlantic MDR
1815,6,nan,Gulf + Caribbean,nan,Atlantic MDR
1815,7,nan,Gulf + Caribbean,nan,Atlantic MDR
1815,8,nan,Gulf + Caribbean,nan,Atlantic MDR
1815,9,nan,Gulf + Caribbean,nan,Atlantic MDR
1815,10,nan,Gulf + Caribbean,nan,Atlantic MDR
1815,11,nan,Gulf + Caribbean,nan,Atlantic MDR
1815,12,nan,Gulf + Caribbean,nan,Atlantic MDR
1816,1,nan,Gulf + Caribbean,nan,Atlantic MDR
1816,2,nan,Gulf + Caribbean,nan,Atlantic MDR
1816,3,nan,Gulf + Caribbean,20.971426,Atlantic MDR
1816,4,nan,Gulf + Caribbean,nan,Atlantic MDR
1816,5,nan,Gulf + Caribbean,nan,Atlantic MDR
1816,6,nan,Gulf + Caribbean,nan,Atlantic MDR
1816,7,nan,Gulf + Caribbean,nan,Atlantic MDR
1816,8,nan,Gulf + Caribbean,nan,Atlantic MDR
1816,9,nan,Gulf + Caribbean,nan,Atlantic MDR
1816,10,nan,Gulf + Caribbean,nan,Atlantic MDR
1816,11,nan,Gulf + Caribbean,nan,Atlantic MDR
1816,12,nan,Gulf + Caribbean,nan,Atlantic MDR
1817,1,nan,Gulf + Caribbean,nan,Atlantic MDR
1817,2,nan,Gulf + Caribbean,nan,Atlantic MDR
1817,3,nan,Gulf + Caribbean,nan,Atlantic MDR
1817,4,nan,Gulf + Caribbean,nan,Atlantic MDR
1817,5,nan,Gulf + Caribbean,nan,Atlantic MDR
1817,6,nan,Gulf + Caribbean,nan,Atlantic MDR
1817,7,nan,Gulf + Caribbean,nan,Atlantic MDR
1817,8,nan,Gulf + Caribbean,nan,Atlantic MDR
1817,9,nan,Gulf + Caribbean,nan,Atlantic MDR
1817,10,nan,Gulf + Caribbean,nan,Atlantic MDR
1817,11,nan,Gulf + Caribbean,nan,Atlantic MDR
1817,12,nan,Gulf + Caribbean,nan,Atlantic MDR
1818,1,nan,Gulf + Caribbean,nan,Atlantic MDR
1818,2,nan,Gulf + Caribbean,nan,Atlantic MDR
1818,3,nan,Gulf + Caribbean,nan,Atlantic MDR
1818,4,nan,Gulf + Caribbean,nan,Atlantic MDR
1818,5,nan,Gulf + Caribbean,nan,Atlantic MDR
1818,6,nan,Gulf + Caribbean,nan,Atlantic MDR
1818,7,nan,Gulf + Caribbean,nan,Atlantic MDR
1818,8,nan,Gulf + Caribbean,nan,Atlantic MDR
1818,9,nan,Gulf + Caribbean,nan,Atlantic MDR
1818,10,nan,Gulf + Caribbean,nan,Atlantic MDR
1818,11,nan,Gulf + Caribbean,nan,Atlantic MDR
1818,12,23.5,Gulf + Caribbean,nan,Atlantic MDR
1819,1,nan,Gulf + Caribbean,nan,Atlantic MDR
1819,2,nan,Gulf + Caribbean,nan,Atlantic MDR
1819,3,nan,Gulf + Caribbean,nan,Atlantic MDR
1819,4,nan,Gulf + Caribbean,nan,Atlantic MDR
1819,5,nan,Gulf + Caribbean,nan,Atlantic MDR
1819,6,nan,Gulf + Caribbean,nan,Atlantic MDR
1819,7,nan,Gulf + Caribbean,nan,Atlantic MDR
1819,8,nan,Gulf + Caribbean,nan,Atlantic MDR
1819,9,nan,Gulf + Caribbean,nan,Atlantic MDR
1819,10,nan,Gulf + Caribbean,nan,Atlantic MDR
1819,11,nan,Gulf + Caribbean,nan,Atlantic MDR
1819,12,nan,Gulf + Caribbean,nan,Atlantic MDR
1820,1,nan,Gulf + Caribbean,nan,Atlantic MDR
1820,2,nan,Gulf + Caribbean,nan,Atlantic MDR
1820,3,nan,Gulf + Caribbean,nan,Atlantic MDR
1820,4,nan,Gulf + Caribbean,nan,Atlantic MDR
1820,5,20.600006,Gulf + Caribbean,nan,Atlantic MDR
1820,6,nan,Gulf + Caribbean,nan,Atlantic MDR
1820,7,nan,Gulf + Caribbean,nan,Atlantic MDR
1820,8,nan,Gulf + Caribbean,23.539997,Atlantic MDR
1820,9,nan,Gulf + Caribbean,25.93334,Atlantic MDR
1820,10,nan,Gulf + Caribbean,nan,Atlantic MDR
1820,11,nan,Gulf + Caribbean,nan,Atlantic MDR
1820,12,26.323086,Gulf + Caribbean,26.50001,Atlantic MDR
1821,1,23.6375,Gulf + Caribbean,nan,Atlantic MDR
1821,2,nan,Gulf + Caribbean,nan,Atlantic MDR
1821,3,nan,Gulf + Caribbean,nan,Atlantic MDR
1821,4,nan,Gulf + Caribbean,nan,Atlantic MDR
1821,5,nan,Gulf + Caribbean,nan,Atlantic MDR
1821,6,nan,Gulf + Caribbean,nan,Atlantic MDR
1821,7,nan,Gulf + Caribbean,nan,Atlantic MDR
1821,8,nan,Gulf + Caribbean,nan,Atlantic MDR
1821,9,nan,Gulf + Caribbean,nan,Atlantic MDR
1821,10,nan,Gulf + Caribbean,nan,Atlantic MDR
1821,11,nan,Gulf + Caribbean,nan,Atlantic MDR
1821,12,nan,Gulf + Caribbean,nan,Atlantic MDR
1822,1,nan,Gulf + Caribbean,nan,Atlantic MDR
1822,2,nan,Gulf + Caribbean,nan,Atlantic MDR
1822,3,nan,Gulf + Caribbean,nan,Atlantic MDR
1822,4,nan,Gulf + Caribbean,nan,Atlantic MDR
1822,5,nan,Gulf + Caribbean,22.385715,Atlantic MDR
1822,6,nan,Gulf + Caribbean,nan,Atlantic MDR
1822,7,nan,Gulf + Caribbean,nan,Atlantic MDR
1822,8,nan,Gulf + Caribbean,nan,Atlantic MDR
1822,9,28.872215,Gulf + Caribbean,nan,Atlantic MDR
1822,10,nan,Gulf + Caribbean,nan,Atlantic MDR
1822,11,27.449995,Gulf + Caribbean,nan,Atlantic MDR
1822,12,nan,Gulf + Caribbean,nan,Atlantic MDR
1823,1,nan,Gulf + Caribbean,26.399994,Atlantic MDR
1823,2,nan,Gulf + Caribbean,nan,Atlantic MDR
1823,3,25.850006,Gulf + Caribbean,25.533335,Atlantic MDR
1823,4,nan,Gulf + Caribbean,nan,Atlantic MDR
1823,5,nan,Gulf + Caribbean,nan,Atlantic MDR
1823,6,nan,Gulf + Caribbean,nan,Atlantic MDR
1823,7,nan,Gulf + Caribbean,25.600006,Atlantic MDR
1823,8,nan,Gulf + Caribbean,nan,Atlantic MDR
1823,9,nan,Gulf + Caribbean,nan,Atlantic MDR
1823,10,nan,Gulf + Caribbean,nan,Atlantic MDR
1823,11,nan,Gulf + Caribbean,nan,Atlantic MDR
1823,12,nan,Gulf + Caribbean,nan,Atlantic MDR
1824,1,21.700003,Gulf + Caribbean,nan,Atlantic MDR
1824,2,24.399994,Gulf + Caribbean,nan,Atlantic MDR
1824,3,24.378336,Gulf + Caribbean,nan,Atlantic MDR
1824,4,20.0,Gulf + Caribbean,nan,Atlantic MDR
1824,5,24.212494,Gulf + Caribbean,nan,Atlantic MDR
1824,6,nan,Gulf + Caribbean,nan,Atlantic MDR
1824,7,28.559992,Gulf + Caribbean,nan,Atlantic MDR
1824,8,28.390003,Gulf + Caribbean,nan,Atlantic MDR
1824,9,nan,Gulf + Caribbean,nan,Atlantic MDR
1824,10,27.987488,Gulf + Caribbean,nan,Atlantic MDR
1824,11,nan,Gulf + Caribbean,26.045008,Atlantic MDR
1824,12,23.543335,Gulf + Caribbean,nan,Atlantic MDR
1825,1,nan,Gulf + Caribbean,nan,Atlantic MDR
1825,2,24.633331,Gulf + Caribbean,21.866669,Atlantic MDR
1825,3,23.5,Gulf + Caribbean,nan,Atlantic MDR
1825,4,nan,Gulf + Caribbean,nan,Atlantic MDR
1825,5,nan,Gulf + Caribbean,nan,Atlantic MDR
1825,6,28.749992,Gulf + Caribbean,nan,Atlantic MDR
1825,7,nan,Gulf + Caribbean,nan,Atlantic MDR
1825,8,27.799988,Gulf + Caribbean,nan,Atlantic MDR
1825,9,nan,Gulf + Caribbean,nan,Atlantic MDR
1825,10,nan,Gulf + Caribbean,nan,Atlantic MDR
1825,11,nan,Gulf + Caribbean,nan,Atlantic MDR
1825,12,nan,Gulf + Caribbean,nan,Atlantic MDR
1826,1,nan,Gulf + Caribbean,20.600006,Atlantic MDR
1826,2,nan,Gulf + Caribbean,nan,Atlantic MDR
1826,3,25.0625,Gulf + Caribbean,nan,Atlantic MDR
1826,4,nan,Gulf + Caribbean,nan,Atlantic MDR
1826,5,nan,Gulf + Caribbean,nan,Atlantic MDR
1826,6,nan,Gulf + Caribbean,nan,Atlantic MDR
1826,7,nan,Gulf + Caribbean,nan,Atlantic MDR
1826,8,nan,Gulf + Caribbean,nan,Atlantic MDR
1826,9,nan,Gulf + Caribbean,nan,Atlantic MDR
1826,10,nan,Gulf + Caribbean,nan,Atlantic MDR
1826,11,nan,Gulf + Caribbean,nan,Atlantic MDR
1826,12,nan,Gulf + Caribbean,nan,Atlantic MDR
1827,1,nan,Gulf + Caribbean,nan,Atlantic MDR
1827,2,22.974998,Gulf + Caribbean,nan,Atlantic MDR
1827,3,22.033335,Gulf + Caribbean,nan,Atlantic MDR
1827,4,24.166666,Gulf + Caribbean,nan,Atlantic MDR
1827,5,nan,Gulf + Caribbean,nan,Atlantic MDR
1827,6,25.159998,Gulf + Caribbean,25.09375,Atlantic MDR
1827,7,27.824997,Gulf + Caribbean,26.004171,Atlantic MDR
1827,8,nan,Gulf + Caribbean,27.116669,Atlantic MDR
1827,9,nan,Gulf + Caribbean,nan,Atlantic MDR
1827,10,nan,Gulf + Caribbean,nan,Atlantic MDR
1827,11,nan,Gulf + Caribbean,nan,Atlantic MDR
1827,12,nan,Gulf + Caribbean,nan,Atlantic MDR
1828,1,nan,Gulf + Caribbean,nan,Atlantic MDR
1828,2,25.299995,Gulf + Caribbean,nan,Atlantic MDR
1828,3,25.600006,Gulf + Caribbean,nan,Atlantic MDR
1828,4,25.0,Gulf + Caribbean,22.220007,Atlantic MDR
1828,5,27.375,Gulf + Caribbean,27.120007,Atlantic MDR
1828,6,26.100006,Gulf + Caribbean,nan,Atlantic MDR
1828,7,nan,Gulf + Caribbean,25.873688,Atlantic MDR
1828,8,28.711815,Gulf + Caribbean,26.683334,Atlantic MDR
1828,9,28.749992,Gulf + Caribbean,nan,Atlantic MDR
1828,10,27.649996,Gulf + Caribbean,nan,Atlantic MDR
1828,11,nan,Gulf + Caribbean,nan,Atlantic MDR
1828,12,25.6,Gulf + Caribbean,nan,Atlantic MDR
1829,1,nan,Gulf + Caribbean,nan,Atlantic MDR
1829,2,23.455002,Gulf + Caribbean,nan,Atlantic MDR
1829,3,25.550003,Gulf + Caribbean,25.577782,Atlantic MDR
1829,4,25.125,Gulf + Caribbean,24.963636,Atlantic MDR
1829,5,25.850006,Gulf + Caribbean,22.74001,Atlantic MDR
1829,6,26.996668,Gulf + Caribbean,27.200012,Atlantic MDR
1829,7,nan,Gulf + Caribbean,nan,Atlantic MDR
1829,8,29.074997,Gulf + Caribbean,nan,Atlantic MDR
1829,9,nan,Gulf + Caribbean,nan,Atlantic MDR
1829,10,nan,Gulf + Caribbean,26.250006,Atlantic MDR
1829,11,25.700005,Gulf + Caribbean,26.100006,Atlantic MDR
1829,12,23.449997,Gulf + Caribbean,nan,Atlantic MDR
1830,1,23.049988,Gulf + Caribbean,nan,Atlantic MDR
1830,2,21.65001,Gulf + Caribbean,nan,Atlantic MDR
1830,3,23.350006,Gulf + Caribbean,nan,Atlantic MDR
1830,4,nan,Gulf + Caribbean,23.333323,Atlantic MDR
1830,5,22.799988,Gulf + Caribbean,nan,Atlantic MDR
1830,6,nan,Gulf + Caribbean,nan,Atlantic MDR
1830,7,28.49999,Gulf + Caribbean,nan,Atlantic MDR
1830,8,nan,Gulf + Caribbean,26.400007,Atlantic MDR
1830,9,28.299988,Gulf + Caribbean,27.225006,Atlantic MDR
1830,10,nan,Gulf + Caribbean,nan,Atlantic MDR
1830,11,27.255993,Gulf + Caribbean,nan,Atlantic MDR
1830,12,24.137497,Gulf + Caribbean,25.1,Atlantic MDR
1831,1,21.950012,Gulf + Caribbean,25.857147,Atlantic MDR
1831,2,21.28334,Gulf + Caribbean,nan,Atlantic MDR
1831,3,24.933329,Gulf + Caribbean,21.560003,Atlantic MDR
1831,4,23.50555,Gulf + Caribbean,24.168745,Atlantic MDR
1831,5,24.716665,Gulf + Caribbean,23.695713,Atlantic MDR
1831,6,28.362488,Gulf + Caribbean,nan,Atlantic MDR
1831,7,nan,Gulf + Caribbean,25.216429,Atlantic MDR
1831,8,nan,Gulf + Caribbean,nan,Atlantic MDR
1831,9,nan,Gulf + Caribbean,nan,Atlantic MDR
1831,10,27.049997,Gulf + Caribbean,27.799988,Atlantic MDR
1831,11,nan,Gulf + Caribbean,nan,Atlantic MDR
1831,12,25.493752,Gulf + Caribbean,25.3,Atlantic MDR
1832,1,nan,Gulf + Caribbean,21.463339,Atlantic MDR
1832,2,nan,Gulf + Caribbean,23.018568,Atlantic MDR
1832,3,24.545004,Gulf + Caribbean,nan,Atlantic MDR
1832,4,20.0,Gulf + Caribbean,24.06666,Atlantic MDR
1832,5,24.849998,Gulf + Caribbean,23.412498,Atlantic MDR
1832,6,28.299988,Gulf + Caribbean,nan,Atlantic MDR
1832,7,27.599997,Gulf + Caribbean,nan,Atlantic MDR
1832,8,nan,Gulf + Caribbean,nan,Atlantic MDR
1832,9,nan,Gulf + Caribbean,26.068756,Atlantic MDR
1832,10,25.166666,Gulf + Caribbean,nan,Atlantic MDR
1832,11,nan,Gulf + Caribbean,nan,Atlantic MDR
1832,12,nan,Gulf + Caribbean,nan,Atlantic MDR
1833,1,25.600006,Gulf + Caribbean,nan,Atlantic MDR
1833,2,nan,Gulf + Caribbean,22.700008,Atlantic MDR
1833,3,23.174997,Gulf + Caribbean,nan,Atlantic MDR
1833,4,24.46667,Gulf + Caribbean,nan,Atlantic MDR
1833,5,nan,Gulf + Caribbean,nan,Atlantic MDR
1833,6,nan,Gulf + Caribbean,23.299988,Atlantic MDR
1833,7,28.875,Gulf + Caribbean,26.520008,Atlantic MDR
1833,8,29.433329,Gulf + Caribbean,28.049988,Atlantic MDR
1833,9,nan,Gulf + Caribbean,nan,Atlantic MDR
1833,10,nan,Gulf + Caribbean,nan,Atlantic MDR
1833,11,24.399994,Gulf + Caribbean,24.599997,Atlantic MDR
1833,12,24.399994,Gulf + Caribbean,24.655556,Atlantic MDR
1834,1,23.383335,Gulf + Caribbean,nan,Atlantic MDR
1834,2,22.000006,Gulf + Caribbean,nan,Atlantic MDR
1834,3,nan,Gulf + Caribbean,nan,Atlantic MDR
1834,4,23.614288,Gulf + Caribbean,nan,Atlantic MDR
1834,5,24.550007,Gulf + Caribbean,25.862507,Atlantic MDR
1834,6,25.922003,Gulf + Caribbean,nan,Atlantic MDR
1834,7,27.766663,Gulf + Caribbean,nan,Atlantic MDR
1834,8,nan,Gulf + Caribbean,nan,Atlantic MDR
1834,9,nan,Gulf + Caribbean,nan,Atlantic MDR
1834,10,nan,Gulf + Caribbean,nan,Atlantic MDR
1834,11,nan,Gulf + Caribbean,nan,Atlantic MDR
1834,12,22.799997,Gulf + Caribbean,nan,Atlantic MDR
1835,1,nan,Gulf + Caribbean,nan,Atlantic MDR
1835,2,23.893332,Gulf + Caribbean,nan,Atlantic MDR
1835,3,23.339996,Gulf + Caribbean,nan,Atlantic MDR
1835,4,21.358332,Gulf + Caribbean,25.0,Atlantic MDR
1835,5,26.03334,Gulf + Caribbean,nan,Atlantic MDR
1835,6,25.300003,Gulf + Caribbean,nan,Atlantic MDR
1835,7,26.700012,Gulf + Caribbean,nan,Atlantic MDR
1835,8,28.124989,Gulf + Caribbean,nan,Atlantic MDR
1835,9,27.278751,Gulf + Caribbean,nan,Atlantic MDR
1835,10,nan,Gulf + Caribbean,nan,Atlantic MDR
1835,11,nan,Gulf + Caribbean,nan,Atlantic MDR
1835,12,nan,Gulf + Caribbean,nan,Atlantic MDR
1836,1,nan,Gulf + Caribbean,20.82917,Atlantic MDR
1836,2,22.91333,Gulf + Caribbean,nan,Atlantic MDR
1836,3,22.86666,Gulf + Caribbean,23.84999,Atlantic MDR
1836,4,22.391668,Gulf + Caribbean,nan,Atlantic MDR
1836,5,25.150002,Gulf + Caribbean,25.500004,Atlantic MDR
1836,6,23.899994,Gulf + Caribbean,nan,Atlantic MDR
1836,7,27.212502,Gulf + Caribbean,nan,Atlantic MDR
1836,8,28.342005,Gulf + Caribbean,26.325005,Atlantic MDR
1836,9,28.936357,Gulf + Caribbean,24.865456,Atlantic MDR
1836,10,26.968746,Gulf + Caribbean,nan,Atlantic MDR
1836,11,nan,Gulf + Caribbean,nan,Atlantic MDR
1836,12,23.687492,Gulf + Caribbean,nan,Atlantic MDR
1837,1,nan,Gulf + Caribbean,nan,Atlantic MDR
1837,2,21.829992,Gulf + Caribbean,nan,Atlantic MDR
1837,3,22.362495,Gulf + Caribbean,nan,Atlantic MDR
1837,4,23.34999,Gulf + Caribbean,nan,Atlantic MDR
1837,5,26.65001,Gulf + Caribbean,nan,Atlantic MDR
1837,6,26.261108,Gulf + Caribbean,nan,Atlantic MDR
1837,7,27.989994,Gulf + Caribbean,nan,Atlantic MDR
1837,8,27.799988,Gulf + Caribbean,nan,Atlantic MDR
1837,9,28.189997,Gulf + Caribbean,nan,Atlantic MDR
1837,10,28.049988,Gulf + Caribbean,nan,Atlantic MDR
1837,11,25.166666,Gulf + Caribbean,nan,Atlantic MDR
1837,12,nan,Gulf + Caribbean,nan,Atlantic MDR
1838,1,nan,Gulf + Caribbean,nan,Atlantic MDR
1838,2,24.349993,Gulf + Caribbean,nan,Atlantic MDR
1838,3,18.350006,Gulf + Caribbean,nan,Atlantic MDR
1838,4,23.233337,Gulf + Caribbean,nan,Atlantic MDR
1838,5,25.750006,Gulf + Caribbean,nan,Atlantic MDR
1838,6,nan,Gulf + Caribbean,23.778578,Atlantic MDR
1838,7,26.394173,Gulf + Caribbean,nan,Atlantic MDR
1838,8,nan,Gulf + Caribbean,nan,Atlantic MDR
1838,9,nan,Gulf + Caribbean,25.097504,Atlantic MDR
1838,10,26.662506,Gulf + Caribbean,27.458574,Atlantic MDR
1838,11,20.600006,Gulf + Caribbean,nan,Atlantic MDR
1838,12,22.500008,Gulf + Caribbean,22.75,Atlantic MDR
1839,1,25.399994,Gulf + Caribbean,23.84999,Atlantic MDR
1839,2,nan,Gulf + Caribbean,nan,Atlantic MDR
1839,3,24.345716,Gulf + Caribbean,nan,Atlantic MDR
1839,4,nan,Gulf + Caribbean,nan,Atlantic MDR
1839,5,25.850006,Gulf + Caribbean,nan,Atlantic MDR
1839,6,27.682352,Gulf + Caribbean,nan,Atlantic MDR
1839,7,nan,Gulf + Caribbean,nan,Atlantic MDR
1839,8,nan,Gulf + Caribbean,nan,Atlantic MDR
1839,9,nan,Gulf + Caribbean,nan,Atlantic MDR
1839,10,nan,Gulf + Caribbean,nan,Atlantic MDR
1839,11,nan,Gulf + Caribbean,nan,Atlantic MDR
1839,12,21.950012,Gulf + Caribbean,nan,Atlantic MDR
1840,1,21.066671,Gulf + Caribbean,nan,Atlantic MDR
1840,2,24.699997,Gulf + Caribbean,nan,Atlantic MDR
1840,3,22.300003,Gulf + Caribbean,nan,Atlantic MDR
1840,4,25.600006,Gulf + Caribbean,22.228573,Atlantic MDR
1840,5,25.013636,Gulf + Caribbean,nan,Atlantic MDR
1840,6,27.487495,Gulf + Caribbean,nan,Atlantic MDR
1840,7,28.036352,Gulf + Caribbean,nan,Atlantic MDR
1840,8,28.600006,Gulf + Caribbean,nan,Atlantic MDR
1840,9,28.659992,Gulf + Caribbean,nan,Atlantic MDR
1840,10,26.120007,Gulf + Caribbean,nan,Atlantic MDR
1840,11,25.257145,Gulf + Caribbean,nan,Atlantic MDR
1840,12,nan,Gulf + Caribbean,nan,Atlantic MDR
1841,1,24.266672,Gulf + Caribbean,nan,Atlantic MDR
1841,2,26.100006,Gulf + Caribbean,nan,Atlantic MDR
1841,3,24.34999,Gulf + Caribbean,21.7375,Atlantic MDR
1841,4,25.0,Gulf + Caribbean,nan,Atlantic MDR
1841,5,26.725006,Gulf + Caribbean,nan,Atlantic MDR
1841,6,28.899994,Gulf + Caribbean,nan,Atlantic MDR
1841,7,28.949997,Gulf + Caribbean,24.149994,Atlantic MDR
1841,8,nan,Gulf + Caribbean,27.34999,Atlantic MDR
1841,9,nan,Gulf + Caribbean,nan,Atlantic MDR
1841,10,28.133322,Gulf + Caribbean,27.799988,Atlantic MDR
1841,11,27.03333,Gulf + Caribbean,27.316666,Atlantic MDR
1841,12,nan,Gulf + Caribbean,nan,Atlantic MDR
1842,1,23.674995,Gulf + Caribbean,nan,Atlantic MDR
1842,2,21.869995,Gulf + Caribbean,nan,Atlantic MDR
1842,3,24.875,Gulf + Caribbean,nan,Atlantic MDR
1842,4,nan,Gulf + Caribbean,nan,Atlantic MDR
1842,5,25.405556,Gulf + Caribbean,25.082144,Atlantic MDR
1842,6,24.399994,Gulf + Caribbean,nan,Atlantic MDR
1842,7,nan,Gulf + Caribbean,25.550003,Atlantic MDR
1842,8,nan,Gulf + Caribbean,nan,Atlantic MDR
1842,9,nan,Gulf + Caribbean,26.700012,Atlantic MDR
1842,10,nan,Gulf + Caribbean,26.700012,Atlantic MDR
1842,11,26.92501,Gulf + Caribbean,nan,Atlantic MDR
1842,12,24.399994,Gulf + Caribbean,nan,Atlantic MDR
1843,1,nan,Gulf + Caribbean,nan,Atlantic MDR
1843,2,21.667149,Gulf + Caribbean,nan,Atlantic MDR
1843,3,nan,Gulf + Caribbean,nan,Atlantic MDR
1843,4,23.340002,Gulf + Caribbean,nan,Atlantic MDR
1843,5,26.537506,Gulf + Caribbean,nan,Atlantic MDR
1843,6,27.200012,Gulf + Caribbean,24.066671,Atlantic MDR
1843,7,28.133991,Gulf + Caribbean,nan,Atlantic MDR
1843,8,28.674995,Gulf + Caribbean,nan,Atlantic MDR
1843,9,28.799997,Gulf + Caribbean,nan,Atlantic MDR
1843,10,nan,Gulf + Caribbean,nan,Atlantic MDR
1843,11,nan,Gulf + Caribbean,nan,Atlantic MDR
1843,12,nan,Gulf + Caribbean,nan,Atlantic MDR
1844,1,23.991999,Gulf + Caribbean,nan,Atlantic MDR
1844,2,24.289997,Gulf + Caribbean,nan,Atlantic MDR
1844,3,20.366669,Gulf + Caribbean,nan,Atlantic MDR
1844,4,25.850006,Gulf + Caribbean,nan,Atlantic MDR
1844,5,26.120007,Gulf + Caribbean,23.714281,Atlantic MDR
1844,6,26.733322,Gulf + Caribbean,25.699995,Atlantic MDR
1844,7,28.249992,Gulf + Caribbean,nan,Atlantic MDR
1844,8,nan,Gulf + Caribbean,nan,Atlantic MDR
1844,9,nan,Gulf + Caribbean,nan,Atlantic MDR
1844,10,nan,Gulf + Caribbean,nan,Atlantic MDR
1844,11,24.566671,Gulf + Caribbean,nan,Atlantic MDR
1844,12,nan,Gulf + Caribbean,nan,Atlantic MDR
1845,1,nan,Gulf + Caribbean,25.533335,Atlantic MDR
1845,2,19.399994,Gulf + Caribbean,21.017147,Atlantic MDR
1845,3,23.899994,Gulf + Caribbean,24.599997,Atlantic MDR
1845,4,24.050003,Gulf + Caribbean,21.771744,Atlantic MDR
1845,5,24.71667,Gulf + Caribbean,21.316671,Atlantic MDR
1845,6,26.700012,Gulf + Caribbean,23.130438,Atlantic MDR
1845,7,28.59999,Gulf + Caribbean,23.155006,Atlantic MDR
1845,8,27.799988,Gulf + Caribbean,27.32857,Atlantic MDR
1845,9,29.274994,Gulf + Caribbean,27.012505,Atlantic MDR
1845,10,nan,Gulf + Caribbean,nan,Atlantic MDR
1845,11,24.699997,Gulf + Caribbean,27.485992,Atlantic MDR
1845,12,23.84999,Gulf + Caribbean,nan,Atlantic MDR
1846,1,23.90001,Gulf + Caribbean,22.75499,Atlantic MDR
1846,2,22.866663,Gulf + Caribbean,23.112495,Atlantic MDR
1846,3,23.013332,Gulf + Caribbean,nan,Atlantic MDR
1846,4,26.166666,Gulf + Caribbean,nan,Atlantic MDR
1846,5,25.497276,Gulf + Caribbean,23.906246,Atlantic MDR
1846,6,nan,Gulf + Caribbean,27.457497,Atlantic MDR
1846,7,29.833334,Gulf + Caribbean,25.758001,Atlantic MDR
1846,8,28.333334,Gulf + Caribbean,nan,Atlantic MDR
1846,9,29.299997,Gulf + Caribbean,26.743338,Atlantic MDR
1846,10,24.399994,Gulf + Caribbean,27.208752,Atlantic MDR
1846,11,26.125,Gulf + Caribbean,28.683329,Atlantic MDR
1846,12,23.191666,Gulf + Caribbean,24.983337,Atlantic MDR
1847,1,24.149994,Gulf + Caribbean,24.049994,Atlantic MDR
1847,2,23.505001,Gulf + Caribbean,nan,Atlantic MDR
1847,3,22.944998,Gulf + Caribbean,23.462494,Atlantic MDR
1847,4,26.05556,Gulf + Caribbean,24.399994,Atlantic MDR
1847,5,nan,Gulf + Caribbean,22.41,Atlantic MDR
1847,6,28.299988,Gulf + Caribbean,25.168184,Atlantic MDR
1847,7,26.09999,Gulf + Caribbean,24.192854,Atlantic MDR
1847,8,29.043003,Gulf + Caribbean,24.957497,Atlantic MDR
1847,9,29.549995,Gulf + Caribbean,nan,Atlantic MDR
1847,10,nan,Gulf + Caribbean,26.36111,Atlantic MDR
1847,11,25.600006,Gulf + Caribbean,27.799988,Atlantic MDR
1847,12,nan,Gulf + Caribbean,26.950012,Atlantic MDR
1848,1,24.16474,Gulf + Caribbean,24.849998,Atlantic MDR
1848,2,22.538565,Gulf + Caribbean,23.24,Atlantic MDR
1848,3,23.252777,Gulf + Caribbean,22.996,Atlantic MDR
1848,4,24.882355,Gulf + Caribbean,22.841822,Atlantic MDR
1848,5,25.777496,Gulf + Caribbean,23.015678,Atlantic MDR
1848,6,27.425625,Gulf + Caribbean,24.774195,Atlantic MDR
1848,7,27.899757,Gulf + Caribbean,25.544004,Atlantic MDR
1848,8,28.671762,Gulf + Caribbean,26.675745,Atlantic MDR
1848,9,28.634165,Gulf + Caribbean,26.810417,Atlantic MDR
1848,10,26.97606,Gulf + Caribbean,26.711292,Atlantic MDR
1848,11,25.931183,Gulf + Caribbean,26.030428,Atlantic MDR
1848,12,24.573402,Gulf + Caribbean,25.47747,Atlantic MDR
1849,1,24.336517,Gulf + Caribbean,23.80842,Atlantic MDR
1849,2,22.381468,Gulf + Caribbean,23.424885,Atlantic MDR
1849,3,22.633415,Gulf + Caribbean,23.583368,Atlantic MDR
1849,4,24.05797,Gulf + Caribbean,23.488333,Atlantic MDR
1849,5,25.428045,Gulf + Caribbean,23.651087,Atlantic MDR
1849,6,27.725918,Gulf + Caribbean,25.134,Atlantic MDR
1849,7,27.76333,Gulf + Caribbean,24.976173,Atlantic MDR
1849,8,28.174446,Gulf + Caribbean,25.8273,Atlantic MDR
1849,9,27.70692,Gulf + Caribbean,26.987858,Atlantic MDR
1849,10,27.058748,Gulf + Caribbean,26.529612,Atlantic MDR
1849,11,25.488205,Gulf + Caribbean,26.272816,Atlantic MDR
1849,12,24.922123,Gulf + Caribbean,24.717371,Atlantic MDR
1850,1,24.205173,Gulf + Caribbean,23.853909,Atlantic MDR
1850,2,23.421177,Gulf + Caribbean,23.76357,Atlantic MDR
1850,3,23.899311,Gulf + Caribbean,23.313751,Atlantic MDR
1850,4,23.6272,Gulf + Caribbean,24.014166,Atlantic MDR
1850,5,25.899998,Gulf + Caribbean,24.583906,Atlantic MDR
1850,6,27.7665,Gulf + Caribbean,25.423586,Atlantic MDR
1850,7,28.304705,Gulf + Caribbean,25.742678,Atlantic MDR
1850,8,28.64445,Gulf + Caribbean,26.232065,Atlantic MDR
1850,9,28.980255,Gulf + Caribbean,26.951597,Atlantic MDR
1850,10,27.458086,Gulf + Caribbean,26.91592,Atlantic MDR
1850,11,26.130169,Gulf + Caribbean,26.638054,Atlantic MDR
1850,12,25.714289,Gulf + Caribbean,25.479687,Atlantic MDR
1851,1,24.50097,Gulf + Caribbean,24.310844,Atlantic MDR
1851,2,23.077929,Gulf + Caribbean,23.713196,Atlantic MDR
1851,3,22.698284,Gulf + Caribbean,23.53483,Atlantic MDR
1851,4,24.041191,Gulf + Caribbean,24.357592,Atlantic MDR
1851,5,25.79321,Gulf + Caribbean,24.6687,Atlantic MDR
1851,6,26.344336,Gulf + Caribbean,25.062714,Atlantic MDR
1851,7,26.9744,Gulf + Caribbean,25.920458,Atlantic MDR
1851,8,27.127499,Gulf + Caribbean,26.89392,Atlantic MDR
1851,9,27.83999,Gulf + Caribbean,27.282402,Atlantic MDR
1851,10,26.867086,Gulf + Caribbean,26.943453,Atlantic MDR
1851,11,23.299988,Gulf + Caribbean,26.663593,Atlantic MDR
1851,12,24.797241,Gulf + Caribbean,24.557184,Atlantic MDR
1852,1,23.480587,Gulf + Caribbean,24.521175,Atlantic MDR
1852,2,23.524464,Gulf + Caribbean,24.028824,Atlantic MDR
1852,3,23.72837,Gulf + Caribbean,23.441305,Atlantic MDR
1852,4,24.261997,Gulf + Caribbean,24.262758,Atlantic MDR
1852,5,26.131668,Gulf + Caribbean,24.581366,Atlantic MDR
1852,6,26.865335,Gulf + Caribbean,25.245607,Atlantic MDR
1852,7,27.992142,Gulf + Caribbean,26.328728,Atlantic MDR
1852,8,28.239996,Gulf + Caribbean,26.49063,Atlantic MDR
1852,9,27.268572,Gulf + Caribbean,26.981169,Atlantic MDR
1852,10,27.00357,Gulf + Caribbean,27.265654,Atlantic MDR
1852,11,26.10548,Gulf + Caribbean,26.753998,Atlantic MDR
1852,12,23.773142,Gulf + Caribbean,25.252525,Atlantic MDR
1853,1,23.730682,Gulf + Caribbean,24.311035,Atlantic MDR
1853,2,24.588036,Gulf + Caribbean,24.15478,Atlantic MDR
1853,3,23.281628,Gulf + Caribbean,23.774431,Atlantic MDR
1853,4,24.409576,Gulf + Caribbean,24.177572,Atlantic MDR
1853,5,26.180004,Gulf + Caribbean,24.01539,Atlantic MDR
1853,6,27.032564,Gulf + Caribbean,24.942717,Atlantic MDR
1853,7,28.76364,Gulf + Caribbean,25.650784,Atlantic MDR
1853,8,28.699041,Gulf + Caribbean,26.45511,Atlantic MDR
1853,9,28.241423,Gulf + Caribbean,26.514627,Atlantic MDR
1853,10,27.344591,Gulf + Caribbean,26.35066,Atlantic MDR
1853,11,24.979202,Gulf + Caribbean,25.995325,Atlantic MDR
1853,12,23.962053,Gulf + Caribbean,24.52464,Atlantic MDR
1854,1,24.3098,Gulf + Caribbean,24.273613,Atlantic MDR
1854,2,24.793753,Gulf + Caribbean,23.947248,Atlantic MDR
1854,3,24.403334,Gulf + Caribbean,23.667961,Atlantic MDR
1854,4,24.43024,Gulf + Caribbean,23.661715,Atlantic MDR
1854,5,25.75093,Gulf + Caribbean,24.17149,Atlantic MDR
1854,6,26.506489,Gulf + Caribbean,24.79804,Atlantic MDR
1854,7,27.802307,Gulf + Caribbean,25.246864,Atlantic MDR
1854,8,28.58785,Gulf + Caribbean,26.055843,Atlantic MDR
1854,9,27.903748,Gulf + Caribbean,26.230198,Atlantic MDR
1854,10,27.563198,Gulf + Caribbean,26.783846,Atlantic MDR
1854,11,26.841665,Gulf + Caribbean,26.067871,Atlantic MDR
1854,12,25.0084,Gulf + Caribbean,25.764648,Atlantic MDR
1855,1,23.530216,Gulf + Caribbean,23.760202,Atlantic MDR
1855,2,23.138268,Gulf + Caribbean,23.080002,Atlantic MDR
1855,3,23.015,Gulf + Caribbean,23.616434,Atlantic MDR
1855,4,23.76822,Gulf + Caribbean,23.77617,Atlantic MDR
1855,5,26.072554,Gulf + Caribbean,24.000092,Atlantic MDR
1855,6,27.801275,Gulf + Caribbean,24.78,Atlantic MDR
1855,7,28.383776,Gulf + Caribbean,25.176903,Atlantic MDR
1855,8,29.284813,Gulf + Caribbean,25.816702,Atlantic MDR
1855,9,28.596247,Gulf + Caribbean,26.270391,Atlantic MDR
1855,10,27.964823,Gulf + Caribbean,26.486408,Atlantic MDR
1855,11,26.854258,Gulf + Caribbean,25.883009,Atlantic MDR
1855,12,26.502003,Gulf + Caribbean,24.853601,Atlantic MDR
1856,1,24.73758,Gulf + Caribbean,23.698864,Atlantic MDR
1856,2,23.761587,Gulf + Caribbean,23.386482,Atlantic MDR
1856,3,24.439356,Gulf + Caribbean,23.436615,Atlantic MDR
1856,4,25.095757,Gulf + Caribbean,23.45,Atlantic MDR
1856,5,26.194933,Gulf + Caribbean,24.036667,Atlantic MDR
1856,6,27.840576,Gulf + Caribbean,24.738289,Atlantic MDR
1856,7,27.65276,Gulf + Caribbean,24.837015,Atlantic MDR
1856,8,28.609575,Gulf + Caribbean,25.898703,Atlantic MDR
1856,9,28.627615,Gulf + Caribbean,26.740698,Atlantic MDR
1856,10,28.119745,Gulf + Caribbean,26.760933,Atlantic MDR
1856,11,26.822998,Gulf + Caribbean,26.058962,Atlantic MDR
1856,12,25.322897,Gulf + Caribbean,24.983644,Atlantic MDR
1857,1,23.635365,Gulf + Caribbean,23.727312,Atlantic MDR
1857,2,24.040394,Gulf + Caribbean,23.15448,Atlantic MDR
1857,3,23.808184,Gulf + Caribbean,23.095741,Atlantic MDR
1857,4,24.285635,Gulf + Caribbean,23.092463,Atlantic MDR
1857,5,26.417606,Gulf + Caribbean,23.649834,Atlantic MDR
1857,6,27.688616,Gulf + Caribbean,25.086771,Atlantic MDR
1857,7,27.578,Gulf + Caribbean,25.487434,Atlantic MDR
1857,8,27.88909,Gulf + Caribbean,26.00321,Atlantic MDR
1857,9,28.43095,Gulf + Caribbean,26.764397,Atlantic MDR
1857,10,27.872997,Gulf + Caribbean,26.424578,Atlantic MDR
1857,11,25.96861,Gulf + Caribbean,25.532751,Atlantic MDR
1857,12,25.713144,Gulf + Caribbean,24.69777,Atlantic MDR
1858,1,24.472433,Gulf + Caribbean,23.689922,Atlantic MDR
1858,2,24.05087,Gulf + Caribbean,23.196236,Atlantic MDR
1858,3,23.111187,Gulf + Caribbean,23.09,Atlantic MDR
1858,4,24.298931,Gulf + Caribbean,23.968548,Atlantic MDR
1858,5,25.557146,Gulf + Caribbean,24.145863,Atlantic MDR
1858,6,27.292107,Gulf + Caribbean,24.656721,Atlantic MDR
1858,7,27.962643,Gulf + Caribbean,25.350664,Atlantic MDR
1858,8,28.626537,Gulf + Caribbean,25.86867,Atlantic MDR
1858,9,27.857113,Gulf + Caribbean,26.499084,Atlantic MDR
1858,10,27.673666,Gulf + Caribbean,26.39968,Atlantic MDR
1858,11,26.074131,Gulf + Caribbean,25.98425,Atlantic MDR
1858,12,24.81758,Gulf + Caribbean,24.796116,Atlantic MDR
1859,1,23.1534,Gulf + Caribbean,23.784227,Atlantic MDR
1859,2,23.96423,Gulf + Caribbean,23.032934,Atlantic MDR
1859,3,24.006157,Gulf + Caribbean,23.43884,Atlantic MDR
1859,4,24.041302,Gulf + Caribbean,23.956099,Atlantic MDR
1859,5,25.7035,Gulf + Caribbean,24.016434,Atlantic MDR
1859,6,27.05381,Gulf + Caribbean,24.813017,Atlantic MDR
1859,7,27.373417,Gulf + Caribbean,24.851976,Atlantic MDR
1859,8,28.191053,Gulf + Caribbean,26.335756,Atlantic MDR
1859,9,28.317776,Gulf + Caribbean,26.662647,Atlantic MDR
1859,10,27.938156,Gulf + Caribbean,26.60629,Atlantic MDR
1859,11,26.076275,Gulf + Caribbean,25.744184,Atlantic MDR
1859,12,24.085928,Gulf + Caribbean,24.718494,Atlantic MDR
1860,1,24.395836,Gulf + Caribbean,24.106464,Atlantic MDR
1860,2,23.469746,Gulf + Caribbean,22.940762,Atlantic MDR
1860,3,24.18625,Gulf + Caribbean,23.491575,Atlantic MDR
1860,4,25.495909,Gulf + Caribbean,23.822748,Atlantic MDR
1860,5,24.935528,Gulf + Caribbean,24.531982,Atlantic MDR
1860,6,27.23489,Gulf + Caribbean,25.023016,Atlantic MDR
1860,7,27.999578,Gulf + Caribbean,25.932125,Atlantic MDR
1860,8,27.709309,Gulf + Caribbean,26.085054,Atlantic MDR
1860,9,27.708838,Gulf + Caribbean,26.71428,Atlantic MDR
1860,10,27.759483,Gulf + Caribbean,26.374052,Atlantic MDR
1860,11,26.683846,Gulf + Caribbean,25.613026,Atlantic MDR
1860,12,25.634241,Gulf + Caribbean,24.794897,Atlantic MDR
1861,1,24.134686,Gulf + Caribbean,23.392714,Atlantic MDR
1861,2,22.657501,Gulf + Caribbean,21.895227,Atlantic MDR
1861,3,nan,Gulf + Caribbean,23.204498,Atlantic MDR
1861,4,23.04375,Gulf + Caribbean,23.001616,Atlantic MDR
1861,5,nan,Gulf + Caribbean,23.0863,Atlantic MDR
1861,6,nan,Gulf + Caribbean,23.6945,Atlantic MDR
1861,7,nan,Gulf + Caribbean,24.52359,Atlantic MDR
1861,8,28.182001,Gulf + Caribbean,26.04677,Atlantic MDR
1861,9,28.118126,Gulf + Caribbean,26.248936,Atlantic MDR
1861,10,27.4925,Gulf + Caribbean,26.011948,Atlantic MDR
1861,11,nan,Gulf + Caribbean,25.678703,Atlantic MDR
1861,12,nan,Gulf + Caribbean,24.231943,Atlantic MDR
1862,1,25.12286,Gulf + Caribbean,23.599108,Atlantic MDR
1862,2,24.670002,Gulf + Caribbean,23.38041,Atlantic MDR
1862,3,25.339996,Gulf + Caribbean,23.501968,Atlantic MDR
1862,4,23.95905,Gulf + Caribbean,23.540216,Atlantic MDR
1862,5,nan,Gulf + Caribbean,23.1649,Atlantic MDR
1862,6,25.88,Gulf + Caribbean,24.67723,Atlantic MDR
1862,7,26.669998,Gulf + Caribbean,24.160225,Atlantic MDR
1862,8,27.282854,Gulf + Caribbean,25.474096,Atlantic MDR
1862,9,28.046665,Gulf + Caribbean,25.649614,Atlantic MDR
1862,10,nan,Gulf + Caribbean,26.215279,Atlantic MDR
1862,11,nan,Gulf + Caribbean,24.208635,Atlantic MDR
1862,12,26.903992,Gulf + Caribbean,23.650295,Atlantic MDR
1863,1,nan,Gulf + Caribbean,22.062105,Atlantic MDR
1863,2,25.899998,Gulf + Caribbean,22.823963,Atlantic MDR
1863,3,23.817139,Gulf + Caribbean,21.780478,Atlantic MDR
1863,4,nan,Gulf + Caribbean,22.471731,Atlantic MDR
1863,5,nan,Gulf + Caribbean,22.886269,Atlantic MDR
1863,6,27.571424,Gulf + Caribbean,23.650326,Atlantic MDR
1863,7,nan,Gulf + Caribbean,23.360771,Atlantic MDR
1863,8,29.029232,Gulf + Caribbean,25.260208,Atlantic MDR
1863,9,nan,Gulf + Caribbean,25.683659,Atlantic MDR
1863,10,nan,Gulf + Caribbean,25.38795,Atlantic MDR
1863,11,nan,Gulf + Caribbean,24.714426,Atlantic MDR
1863,12,nan,Gulf + Caribbean,23.717165,Atlantic MDR
1864,1,24.6,Gulf + Caribbean,22.372501,Atlantic MDR
1864,2,25.332722,Gulf + Caribbean,22.232502,Atlantic MDR
1864,3,26.397276,Gulf + Caribbean,22.334856,Atlantic MDR
1864,4,24.52,Gulf + Caribbean,22.408283,Atlantic MDR
1864,5,nan,Gulf + Caribbean,22.939789,Atlantic MDR
1864,6,nan,Gulf + Caribbean,24.162455,Atlantic MDR
1864,7,nan,Gulf + Caribbean,25.027176,Atlantic MDR
1864,8,nan,Gulf + Caribbean,25.10675,Atlantic MDR
1864,9,nan,Gulf + Caribbean,25.650688,Atlantic MDR
1864,10,nan,Gulf + Caribbean,26.090702,Atlantic MDR
1864,11,nan,Gulf + Caribbean,25.626865,Atlantic MDR
1864,12,nan,Gulf + Caribbean,24.208721,Atlantic MDR
1865,1,26.829987,Gulf + Caribbean,23.593973,Atlantic MDR
1865,2,25.683996,Gulf + Caribbean,23.38578,Atlantic MDR
1865,3,24.955997,Gulf + Caribbean,23.294598,Atlantic MDR
1865,4,24.645002,Gulf + Caribbean,23.11941,Atlantic MDR
1865,5,26.926,Gulf + Caribbean,23.179583,Atlantic MDR
1865,6,27.624119,Gulf + Caribbean,24.734446,Atlantic MDR
1865,7,28.53,Gulf + Caribbean,24.933275,Atlantic MDR
1865,8,nan,Gulf + Caribbean,25.088518,Atlantic MDR
1865,9,nan,Gulf + Caribbean,26.061512,Atlantic MDR
1865,10,nan,Gulf + Caribbean,25.26931,Atlantic MDR
1865,11,23.200012,Gulf + Caribbean,25.284359,Atlantic MDR
1865,12,nan,Gulf + Caribbean,23.893091,Atlantic MDR
1866,1,nan,Gulf + Caribbean,22.694544,Atlantic MDR
1866,2,nan,Gulf + Caribbean,22.20738,Atlantic MDR
1866,3,21.911999,Gulf + Caribbean,22.712828,Atlantic MDR
1866,4,nan,Gulf + Caribbean,23.53852,Atlantic MDR
1866,5,nan,Gulf + Caribbean,22.73107,Atlantic MDR
1866,6,nan,Gulf + Caribbean,24.276907,Atlantic MDR
1866,7,nan,Gulf + Caribbean,24.982563,Atlantic MDR
1866,8,nan,Gulf + Caribbean,25.530735,Atlantic MDR
1866,9,nan,Gulf + Caribbean,25.716959,Atlantic MDR
1866,10,27.899994,Gulf + Caribbean,25.368635,Atlantic MDR
1866,11,nan,Gulf + Caribbean,25.74646,Atlantic MDR
1866,12,nan,Gulf + Caribbean,24.214998,Atlantic MDR
1867,1,nan,Gulf + Caribbean,23.532127,Atlantic MDR
1867,2,nan,Gulf + Caribbean,22.38722,Atlantic MDR
1867,3,nan,Gulf + Caribbean,23.314896,Atlantic MDR
1867,4,nan,Gulf + Caribbean,23.403961,Atlantic MDR
1867,5,nan,Gulf + Caribbean,23.882448,Atlantic MDR
1867,6,26.780003,Gulf + Caribbean,24.529999,Atlantic MDR
1867,7,nan,Gulf + Caribbean,24.951931,Atlantic MDR
1867,8,nan,Gulf + Caribbean,25.681108,Atlantic MDR
1867,9,nan,Gulf + Caribbean,25.715807,Atlantic MDR
1867,10,nan,Gulf + Caribbean,25.850218,Atlantic MDR
1867,11,nan,Gulf + Caribbean,25.37068,Atlantic MDR
1867,12,25.9275,Gulf + Caribbean,24.438787,Atlantic MDR
1868,1,nan,Gulf + Caribbean,22.948206,Atlantic MDR
1868,2,nan,Gulf + Caribbean,22.745,Atlantic MDR
1868,3,23.847492,Gulf + Caribbean,23.086218,Atlantic MDR
1868,4,24.36154,Gulf + Caribbean,22.949839,Atlantic MDR
1868,5,nan,Gulf + Caribbean,23.457859,Atlantic MDR
1868,6,26.399994,Gulf + Caribbean,23.997576,Atlantic MDR
1868,7,26.776663,Gulf + Caribbean,24.5355,Atlantic MDR
1868,8,27.361664,Gulf + Caribbean,24.830769,Atlantic MDR
1868,9,nan,Gulf + Caribbean,26.041763,Atlantic MDR
1868,10,nan,Gulf + Caribbean,25.50793,Atlantic MDR
1868,11,27.589996,Gulf + Caribbean,24.47362,Atlantic MDR
1868,12,26.971426,Gulf + Caribbean,23.978706,Atlantic MDR
1869,1,25.847147,Gulf + Caribbean,22.752413,Atlantic MDR
1869,2,23.63143,Gulf + Caribbean,22.32089,Atlantic MDR
1869,3,nan,Gulf + Caribbean,22.429707,Atlantic MDR
1869,4,26.528006,Gulf + Caribbean,23.65116,Atlantic MDR
1869,5,25.769999,Gulf + Caribbean,23.886024,Atlantic MDR
1869,6,28.351252,Gulf + Caribbean,24.454844,Atlantic MDR
1869,7,27.76143,Gulf + Caribbean,25.09434,Atlantic MDR
1869,8,28.86441,Gulf + Caribbean,25.829515,Atlantic MDR
1869,9,28.85307,Gulf + Caribbean,26.284725,Atlantic MDR
1869,10,27.529999,Gulf + Caribbean,25.695768,Atlantic MDR
1869,11,25.698187,Gulf + Caribbean,25.141733,Atlantic MDR
1869,12,23.68353,Gulf + Caribbean,24.09015,Atlantic MDR
1870,1,25.158236,Gulf + Caribbean,22.855999,Atlantic MDR
1870,2,23.574163,Gulf + Caribbean,22.526806,Atlantic MDR
1870,3,24.388329,Gulf + Caribbean,22.331068,Atlantic MDR
1870,4,22.096664,Gulf + Caribbean,22.194403,Atlantic MDR
1870,5,nan,Gulf + Caribbean,23.19439,Atlantic MDR
1870,6,nan,Gulf + Caribbean,23.836304,Atlantic MDR
1870,7,27.314287,Gulf + Caribbean,25.049997,Atlantic MDR
1870,8,28.558664,Gulf + Caribbean,25.395868,Atlantic MDR
1870,9,28.504442,Gulf + Caribbean,26.312662,Atlantic MDR
1870,10,26.917692,Gulf + Caribbean,26.093777,Atlantic MDR
1870,11,26.825216,Gulf + Caribbean,25.502758,Atlantic MDR
1870,12,23.679993,Gulf + Caribbean,24.336538,Atlantic MDR
1871,1,nan,Gulf + Caribbean,23.12244,Atlantic MDR
1871,2,nan,Gulf + Caribbean,22.3244,Atlantic MDR
1871,3,nan,Gulf + Caribbean,22.38093,Atlantic MDR
1871,4,22.321428,Gulf + Caribbean,23.044678,Atlantic MDR
1871,5,nan,Gulf + Caribbean,23.659576,Atlantic MDR
1871,6,nan,Gulf + Caribbean,24.179296,Atlantic MDR
1871,7,nan,Gulf + Caribbean,24.806202,Atlantic MDR
1871,8,nan,Gulf + Caribbean,24.977942,Atlantic MDR
1871,9,nan,Gulf + Caribbean,25.435,Atlantic MDR
1871,10,nan,Gulf + Caribbean,25.610525,Atlantic MDR
1871,11,nan,Gulf + Caribbean,24.9603,Atlantic MDR
1871,12,22.898888,Gulf + Caribbean,23.933064,Atlantic MDR
1872,1,nan,Gulf + Caribbean,22.424316,Atlantic MDR
1872,2,20.666666,Gulf + Caribbean,21.414242,Atlantic MDR
1872,3,nan,Gulf + Caribbean,21.530201,Atlantic MDR
1872,4,nan,Gulf + Caribbean,22.05303,Atlantic MDR
1872,5,nan,Gulf + Caribbean,23.358223,Atlantic MDR
1872,6,27.135,Gulf + Caribbean,24.291286,Atlantic MDR
1872,7,27.029999,Gulf + Caribbean,24.426363,Atlantic MDR
1872,8,27.809998,Gulf + Caribbean,25.645218,Atlantic MDR
1872,9,28.559227,Gulf + Caribbean,25.993689,Atlantic MDR
1872,10,nan,Gulf + Caribbean,25.06518,Atlantic MDR
1872,11,24.973574,Gulf + Caribbean,24.709166,Atlantic MDR
1872,12,nan,Gulf + Caribbean,22.768782,Atlantic MDR
1873,1,24.742496,Gulf + Caribbean,23.76775,Atlantic MDR
1873,2,nan,Gulf + Caribbean,21.675,Atlantic MDR
1873,3,24.139994,Gulf + Caribbean,23.184284,Atlantic MDR
1873,4,nan,Gulf + Caribbean,22.368065,Atlantic MDR
1873,5,nan,Gulf + Caribbean,23.10109,Atlantic MDR
1873,6,nan,Gulf + Caribbean,23.497355,Atlantic MDR
1873,7,nan,Gulf + Caribbean,24.736,Atlantic MDR
1873,8,nan,Gulf + Caribbean,25.000832,Atlantic MDR
1873,9,nan,Gulf + Caribbean,25.934542,Atlantic MDR
1873,10,nan,Gulf + Caribbean,25.36875,Atlantic MDR
1873,11,nan,Gulf + Caribbean,24.676044,Atlantic MDR
1873,12,nan,Gulf + Caribbean,24.466156,Atlantic MDR
1874,1,nan,Gulf + Caribbean,23.117714,Atlantic MDR
1874,2,22.177998,Gulf + Caribbean,22.020206,Atlantic MDR
1874,3,24.448565,Gulf + Caribbean,22.1,Atlantic MDR
1874,4,25.199997,Gulf + Caribbean,23.29558,Atlantic MDR
1874,5,24.54375,Gulf + Caribbean,23.47271,Atlantic MDR
1874,6,nan,Gulf + Caribbean,24.063488,Atlantic MDR
1874,7,28.023325,Gulf + Caribbean,25.105713,Atlantic MDR
1874,8,29.015327,Gulf + Caribbean,24.877203,Atlantic MDR
1874,9,26.5,Gulf + Caribbean,25.851055,Atlantic MDR
1874,10,27.803532,Gulf + Caribbean,25.057379,Atlantic MDR
1874,11,24.482502,Gulf + Caribbean,25.418074,Atlantic MDR
1874,12,nan,Gulf + Caribbean,23.684177,Atlantic MDR
1875,1,23.403568,Gulf + Caribbean,23.299473,Atlantic MDR
1875,2,nan,Gulf + Caribbean,22.782999,Atlantic MDR
1875,3,25.295263,Gulf + Caribbean,22.63094,Atlantic MDR
1875,4,24.0,Gulf + Caribbean,22.735498,Atlantic MDR
1875,5,27.190907,Gulf + Caribbean,23.549088,Atlantic MDR
1875,6,27.37273,Gulf + Caribbean,24.637098,Atlantic MDR
1875,7,29.081108,Gulf + Caribbean,24.59771,Atlantic MDR
1875,8,29.208996,Gulf + Caribbean,25.161333,Atlantic MDR
1875,9,27.884281,Gulf + Caribbean,25.452402,Atlantic MDR
1875,10,27.884665,Gulf + Caribbean,26.513748,Atlantic MDR
1875,11,27.688747,Gulf + Caribbean,25.45,Atlantic MDR
1875,12,25.182308,Gulf + Caribbean,24.557888,Atlantic MDR
1876,1,24.55529,Gulf + Caribbean,22.82966,Atlantic MDR
1876,2,22.212854,Gulf + Caribbean,23.238718,Atlantic MDR
1876,3,23.98125,Gulf + Caribbean,22.739565,Atlantic MDR
1876,4,22.624735,Gulf + Caribbean,22.816141,Atlantic MDR
1876,5,25.6977,Gulf + Caribbean,22.784727,Atlantic MDR
1876,6,nan,Gulf + Caribbean,24.03357,Atlantic MDR
1876,7,29.009995,Gulf + Caribbean,24.602434,Atlantic MDR
1876,8,nan,Gulf + Caribbean,25.269667,Atlantic MDR
1876,9,nan,Gulf + Caribbean,25.83667,Atlantic MDR
1876,10,nan,Gulf + Caribbean,25.529442,Atlantic MDR
1876,11,nan,Gulf + Caribbean,25.825182,Atlantic MDR
1876,12,27.575827,Gulf + Caribbean,24.81094,Atlantic MDR
1877,1,24.478573,Gulf + Caribbean,24.124285,Atlantic MDR
1877,2,24.892307,Gulf + Caribbean,23.571142,Atlantic MDR
1877,3,24.005,Gulf + Caribbean,23.182402,Atlantic MDR
1877,4,nan,Gulf + Caribbean,23.394999,Atlantic MDR
1877,5,nan,Gulf + Caribbean,23.615713,Atlantic MDR
1877,6,nan,Gulf + Caribbean,24.310566,Atlantic MDR
1877,7,28.669994,Gulf + Caribbean,24.827547,Atlantic MDR
1877,8,nan,Gulf + Caribbean,26.086004,Atlantic MDR
1877,9,29.399994,Gulf + Caribbean,26.531364,Atlantic MDR
1877,10,29.141663,Gulf + Caribbean,26.496317,Atlantic MDR
1877,11,27.294998,Gulf + Caribbean,25.76,Atlantic MDR
1877,12,23.483746,Gulf + Caribbean,24.214651,Atlantic MDR
1878,1,nan,Gulf + Caribbean,22.343502,Atlantic MDR
1878,2,25.608568,Gulf + Caribbean,22.839155,Atlantic MDR
1878,3,24.767895,Gulf + Caribbean,23.356785,Atlantic MDR
1878,4,24.92389,Gulf + Caribbean,24.22898,Atlantic MDR
1878,5,25.835001,Gulf + Caribbean,24.065517,Atlantic MDR
1878,6,27.218822,Gulf + Caribbean,24.82,Atlantic MDR
1878,7,nan,Gulf + Caribbean,24.96818,Atlantic MDR
1878,8,29.128567,Gulf + Caribbean,25.975416,Atlantic MDR
1878,9,29.899994,Gulf + Caribbean,27.394825,Atlantic MDR
1878,10,25.846245,Gulf + Caribbean,26.329525,Atlantic MDR
1878,11,22.614996,Gulf + Caribbean,26.529999,Atlantic MDR
1878,12,24.138237,Gulf + Caribbean,25.261972,Atlantic MDR
1879,1,21.314547,Gulf + Caribbean,23.81846,Atlantic MDR
1879,2,22.919563,Gulf + Caribbean,23.673923,Atlantic MDR
1879,3,22.831997,Gulf + Caribbean,22.36646,Atlantic MDR
1879,4,23.045458,Gulf + Caribbean,22.850811,Atlantic MDR
1879,5,25.450525,Gulf + Caribbean,24.14822,Atlantic MDR
1879,6,27.775183,Gulf + Caribbean,25.142082,Atlantic MDR
1879,7,28.360771,Gulf + Caribbean,25.266474,Atlantic MDR
1879,8,28.739994,Gulf + Caribbean,26.180716,Atlantic MDR
1879,9,28.603844,Gulf + Caribbean,25.49297,Atlantic MDR
1879,10,26.545555,Gulf + Caribbean,26.086897,Atlantic MDR
1879,11,26.004375,Gulf + Caribbean,25.670712,Atlantic MDR
1879,12,25.153576,Gulf + Caribbean,25.014166,Atlantic MDR
1880,1,24.136452,Gulf + Caribbean,23.275833,Atlantic MDR
1880,2,25.145136,Gulf + Caribbean,22.786718,Atlantic MDR
1880,3,23.977297,Gulf + Caribbean,22.759533,Atlantic MDR
1880,4,25.093262,Gulf + Caribbean,23.622263,Atlantic MDR
1880,5,25.767036,Gulf + Caribbean,22.824493,Atlantic MDR
1880,6,27.157782,Gulf + Caribbean,24.062681,Atlantic MDR
1880,7,28.907059,Gulf + Caribbean,24.966175,Atlantic MDR
1880,8,28.30704,Gulf + Caribbean,25.762657,Atlantic MDR
1880,9,27.58333,Gulf + Caribbean,25.73826,Atlantic MDR
1880,10,25.077776,Gulf + Caribbean,26.456594,Atlantic MDR
1880,11,25.811722,Gulf + Caribbean,25.430986,Atlantic MDR
1880,12,24.360626,Gulf + Caribbean,24.747147,Atlantic MDR
1881,1,25.118074,Gulf + Caribbean,24.247334,Atlantic MDR
1881,2,24.425003,Gulf + Caribbean,24.007034,Atlantic MDR
1881,3,24.962753,Gulf + Caribbean,24.101921,Atlantic MDR
1881,4,23.03143,Gulf + Caribbean,23.510815,Atlantic MDR
1881,5,25.794542,Gulf + Caribbean,24.069723,Atlantic MDR
1881,6,27.453075,Gulf + Caribbean,25.433664,Atlantic MDR
1881,7,29.001814,Gulf + Caribbean,25.27978,Atlantic MDR
1881,8,28.972494,Gulf + Caribbean,25.596458,Atlantic MDR
1881,9,27.977896,Gulf + Caribbean,27.081043,Atlantic MDR
1881,10,28.27142,Gulf + Caribbean,26.626137,Atlantic MDR
1881,11,24.98517,Gulf + Caribbean,25.944166,Atlantic MDR
1881,12,25.010523,Gulf + Caribbean,23.477497,Atlantic MDR
1882,1,24.252998,Gulf + Caribbean,23.490862,Atlantic MDR
1882,2,24.740456,Gulf + Caribbean,23.384602,Atlantic MDR
1882,3,23.9931,Gulf + Caribbean,23.609999,Atlantic MDR
1882,4,25.482853,Gulf + Caribbean,23.643463,Atlantic MDR
1882,5,25.957918,Gulf + Caribbean,24.140144,Atlantic MDR
1882,6,26.304998,Gulf + Caribbean,24.292355,Atlantic MDR
1882,7,28.066666,Gulf + Caribbean,24.912354,Atlantic MDR
1882,8,28.299988,Gulf + Caribbean,25.335653,Atlantic MDR
1882,9,28.203684,Gulf + Caribbean,26.708485,Atlantic MDR
1882,10,27.183638,Gulf + Caribbean,25.944386,Atlantic MDR
1882,11,25.61583,Gulf + Caribbean,25.546154,Atlantic MDR
1882,12,22.950005,Gulf + Caribbean,25.817179,Atlantic MDR
1883,1,25.6075,Gulf + Caribbean,23.139034,Atlantic MDR
1883,2,23.744091,Gulf + Caribbean,22.448519,Atlantic MDR
1883,3,24.511166,Gulf + Caribbean,22.83975,Atlantic MDR
1883,4,25.17222,Gulf + Caribbean,23.188303,Atlantic MDR
1883,5,26.244999,Gulf + Caribbean,23.55673,Atlantic MDR
1883,6,27.083845,Gulf + Caribbean,24.234745,Atlantic MDR
1883,7,28.11923,Gulf + Caribbean,25.032944,Atlantic MDR
1883,8,28.404547,Gulf + Caribbean,26.022142,Atlantic MDR
1883,9,28.0147,Gulf + Caribbean,26.22476,Atlantic MDR
1883,10,27.664137,Gulf + Caribbean,26.012085,Atlantic MDR
1883,11,26.106583,Gulf + Caribbean,25.310753,Atlantic MDR
1883,12,25.130547,Gulf + Caribbean,24.176,Atlantic MDR
1884,1,23.739334,Gulf + Caribbean,23.390173,Atlantic MDR
1884,2,24.478449,Gulf + Caribbean,22.888672,Atlantic MDR
1884,3,24.01853,Gulf + Caribbean,22.541653,Atlantic MDR
1884,4,24.854544,Gulf + Caribbean,22.839153,Atlantic MDR
1884,5,26.181852,Gulf + Caribbean,23.666174,Atlantic MDR
1884,6,26.720854,Gulf + Caribbean,24.66199,Atlantic MDR
1884,7,27.217949,Gulf + Caribbean,25.282063,Atlantic MDR
1884,8,27.46316,Gulf + Caribbean,25.951416,Atlantic MDR
1884,9,27.968332,Gulf + Caribbean,26.436531,Atlantic MDR
1884,10,27.06458,Gulf + Caribbean,26.488262,Atlantic MDR
1884,11,26.346247,Gulf + Caribbean,25.443815,Atlantic MDR
1884,12,24.966251,Gulf + Caribbean,24.328476,Atlantic MDR
1885,1,24.508749,Gulf + Caribbean,23.420086,Atlantic MDR
1885,2,23.842886,Gulf + Caribbean,23.164215,Atlantic MDR
1885,3,24.463444,Gulf + Caribbean,22.859632,Atlantic MDR
1885,4,24.83341,Gulf + Caribbean,22.710924,Atlantic MDR
1885,5,26.39482,Gulf + Caribbean,23.427366,Atlantic MDR
1885,6,26.837496,Gulf + Caribbean,24.40468,Atlantic MDR
1885,7,27.626211,Gulf + Caribbean,24.937044,Atlantic MDR
1885,8,28.443598,Gulf + Caribbean,26.06028,Atlantic MDR
1885,9,28.042416,Gulf + Caribbean,26.53325,Atlantic MDR
1885,10,27.40597,Gulf + Caribbean,26.513641,Atlantic MDR
1885,11,25.730318,Gulf + Caribbean,25.694328,Atlantic MDR
1885,12,25.707424,Gulf + Caribbean,24.60837,Atlantic MDR
1886,1,24.3312,Gulf + Caribbean,23.62565,Atlantic MDR
1886,2,23.80776,Gulf + Caribbean,23.06127,Atlantic MDR
1886,3,24.432152,Gulf + Caribbean,23.3292,Atlantic MDR
1886,4,24.98741,Gulf + Caribbean,23.69512,Atlantic MDR
1886,5,26.592804,Gulf + Caribbean,24.34937,Atlantic MDR
1886,6,27.531479,Gulf + Caribbean,25.090544,Atlantic MDR
1886,7,28.19224,Gulf + Caribbean,25.370375,Atlantic MDR
1886,8,28.412968,Gulf + Caribbean,26.010897,Atlantic MDR
1886,9,27.481955,Gulf + Caribbean,26.171751,Atlantic MDR
1886,10,27.605661,Gulf + Caribbean,26.09748,Atlantic MDR
1886,11,26.067204,Gulf + Caribbean,25.132656,Atlantic MDR
1886,12,23.93703,Gulf + Caribbean,24.005,Atlantic MDR
1887,1,24.428312,Gulf + Caribbean,23.152098,Atlantic MDR
1887,2,24.474707,Gulf + Caribbean,22.526712,Atlantic MDR
1887,3,23.997469,Gulf + Caribbean,22.722572,Atlantic MDR
1887,4,23.55862,Gulf + Caribbean,23.466621,Atlantic MDR
1887,5,26.249454,Gulf + Caribbean,24.037445,Atlantic MDR
1887,6,27.218603,Gulf + Caribbean,25.057343,Atlantic MDR
1887,7,28.227692,Gulf + Caribbean,25.739107,Atlantic MDR
1887,8,28.50375,Gulf + Caribbean,26.416801,Atlantic MDR
1887,9,27.952448,Gulf + Caribbean,26.758238,Atlantic MDR
1887,10,27.743639,Gulf + Caribbean,26.731058,Atlantic MDR
1887,11,26.20154,Gulf + Caribbean,26.062016,Atlantic MDR
1887,12,24.946001,Gulf + Caribbean,25.147678,Atlantic MDR
1888,1,23.973,Gulf + Caribbean,23.805344,Atlantic MDR
1888,2,24.08482,Gulf + Caribbean,23.28454,Atlantic MDR
1888,3,24.035738,Gulf + Caribbean,23.769718,Atlantic MDR
1888,4,24.753902,Gulf + Caribbean,23.485428,Atlantic MDR
1888,5,25.805971,Gulf + Caribbean,24.144,Atlantic MDR
1888,6,27.108793,Gulf + Caribbean,25.01892,Atlantic MDR
1888,7,27.724583,Gulf + Caribbean,25.384657,Atlantic MDR
1888,8,28.268301,Gulf + Caribbean,26.061047,Atlantic MDR
1888,9,28.319998,Gulf + Caribbean,26.504923,Atlantic MDR
1888,10,27.81084,Gulf + Caribbean,26.968393,Atlantic MDR
1888,11,26.687801,Gulf + Caribbean,25.88151,Atlantic MDR
1888,12,25.031809,Gulf + Caribbean,24.861591,Atlantic MDR
1889,1,24.532082,Gulf + Caribbean,23.684963,Atlantic MDR
1889,2,23.915531,Gulf + Caribbean,23.193867,Atlantic MDR
1889,3,24.3267,Gulf + Caribbean,23.509007,Atlantic MDR
1889,4,25.129093,Gulf + Caribbean,23.703054,Atlantic MDR
1889,5,26.45,Gulf + Caribbean,23.484062,Atlantic MDR
1889,6,27.19446,Gulf + Caribbean,24.351233,Atlantic MDR
1889,7,27.656284,Gulf + Caribbean,24.98871,Atlantic MDR
1889,8,28.169212,Gulf + Caribbean,25.71567,Atlantic MDR
1889,9,28.25092,Gulf + Caribbean,26.15051,Atlantic MDR
1889,10,27.52152,Gulf + Caribbean,25.96793,Atlantic MDR
1889,11,26.383013,Gulf + Caribbean,25.14739,Atlantic MDR
1889,12,25.339634,Gulf + Caribbean,23.801655,Atlantic MDR
1890,1,24.595745,Gulf + Caribbean,22.50804,Atlantic MDR
1890,2,24.238903,Gulf + Caribbean,22.117714,Atlantic MDR
1890,3,24.11475,Gulf + Caribbean,22.465343,Atlantic MDR
1890,4,23.985764,Gulf + Caribbean,22.452963,Atlantic MDR
1890,5,25.570292,Gulf + Caribbean,23.174623,Atlantic MDR
1890,6,26.913836,Gulf + Caribbean,23.904305,Atlantic MDR
1890,7,27.496002,Gulf + Caribbean,24.296513,Atlantic MDR
1890,8,27.260454,Gulf + Caribbean,24.958977,Atlantic MDR
1890,9,27.230713,Gulf + Caribbean,25.349356,Atlantic MDR
1890,10,27.45912,Gulf + Caribbean,25.878925,Atlantic MDR
1890,11,26.10672,Gulf + Caribbean,24.758707,Atlantic MDR
1890,12,25.052578,Gulf + Caribbean,23.90625,Atlantic MDR
1891,1,23.647667,Gulf + Caribbean,22.780487,Atlantic MDR
1891,2,24.080002,Gulf + Caribbean,22.002628,Atlantic MDR
1891,3,24.166666,Gulf + Caribbean,22.67705,Atlantic MDR
1891,4,24.556982,Gulf + Caribbean,23.150665,Atlantic MDR
1891,5,26.30725,Gulf + Caribbean,23.867239,Atlantic MDR
1891,6,27.592096,Gulf + Caribbean,24.602417,Atlantic MDR
1891,7,27.90652,Gulf + Caribbean,25.580097,Atlantic MDR
1891,8,28.031668,Gulf + Caribbean,26.412857,Atlantic MDR
1891,9,28.356806,Gulf + Caribbean,26.706102,Atlantic MDR
1891,10,27.114183,Gulf + Caribbean,26.111446,Atlantic MDR
1891,11,26.215084,Gulf + Caribbean,25.096512,Atlantic MDR
1891,12,24.524424,Gulf + Caribbean,23.702475,Atlantic MDR
1892,1,23.860216,Gulf + Caribbean,23.24014,Atlantic MDR
1892,2,23.429035,Gulf + Caribbean,22.755522,Atlantic MDR
1892,3,24.00407,Gulf + Caribbean,22.897623,Atlantic MDR
1892,4,23.7414,Gulf + Caribbean,23.006016,Atlantic MDR
1892,5,25.902676,Gulf + Caribbean,23.568838,Atlantic MDR
1892,6,26.558035,Gulf + Caribbean,24.048803,Atlantic MDR
1892,7,27.073065,Gulf + Caribbean,24.97528,Atlantic MDR
1892,8,27.882376,Gulf + Caribbean,25.596731,Atlantic MDR
1892,9,27.726276,Gulf + Caribbean,25.796,Atlantic MDR
1892,10,27.014286,Gulf + Caribbean,25.645508,Atlantic MDR
1892,11,26.18226,Gulf + Caribbean,25.360233,Atlantic MDR
1892,12,25.175385,Gulf + Caribbean,24.41374,Atlantic MDR
1893,1,23.635456,Gulf + Caribbean,23.526424,Atlantic MDR
1893,2,23.81675,Gulf + Caribbean,22.36392,Atlantic MDR
1893,3,24.439629,Gulf + Caribbean,22.772058,Atlantic MDR
1893,4,24.436605,Gulf + Caribbean,22.944225,Atlantic MDR
1893,5,25.685484,Gulf + Caribbean,23.639687,Atlantic MDR
1893,6,27.267454,Gulf + Caribbean,24.774693,Atlantic MDR
1893,7,27.887455,Gulf + Caribbean,25.591347,Atlantic MDR
1893,8,28.463572,Gulf + Caribbean,26.026968,Atlantic MDR
1893,9,27.759787,Gulf + Caribbean,26.445255,Atlantic MDR
1893,10,27.344444,Gulf + Caribbean,25.986265,Atlantic MDR
1893,11,26.112823,Gulf + Caribbean,25.62425,Atlantic MDR
1893,12,24.933628,Gulf + Caribbean,24.106358,Atlantic MDR
1894,1,23.875345,Gulf + Caribbean,22.720348,Atlantic MDR
1894,2,23.054186,Gulf + Caribbean,22.277544,Atlantic MDR
1894,3,23.923937,Gulf + Caribbean,22.078033,Atlantic MDR
1894,4,24.424892,Gulf + Caribbean,22.481802,Atlantic MDR
1894,5,25.881554,Gulf + Caribbean,23.213707,Atlantic MDR
1894,6,26.892628,Gulf + Caribbean,23.899143,Atlantic MDR
1894,7,27.15541,Gulf + Caribbean,24.857174,Atlantic MDR
1894,8,28.152815,Gulf + Caribbean,25.33259,Atlantic MDR
1894,9,28.189999,Gulf + Caribbean,26.002264,Atlantic MDR
1894,10,26.555801,Gulf + Caribbean,25.916193,Atlantic MDR
1894,11,26.191166,Gulf + Caribbean,25.005764,Atlantic MDR
1894,12,25.13977,Gulf + Caribbean,24.233177,Atlantic MDR
1895,1,24.054768,Gulf + Caribbean,23.316761,Atlantic MDR
1895,2,23.236288,Gulf + Caribbean,22.871908,Atlantic MDR
1895,3,23.649488,Gulf + Caribbean,22.620394,Atlantic MDR
1895,4,24.16077,Gulf + Caribbean,22.27053,Atlantic MDR
1895,5,25.660574,Gulf + Caribbean,23.055391,Atlantic MDR
1895,6,27.374,Gulf + Caribbean,23.827282,Atlantic MDR
1895,7,27.587872,Gulf + Caribbean,24.893282,Atlantic MDR
1895,8,28.14019,Gulf + Caribbean,25.623272,Atlantic MDR
1895,9,27.637241,Gulf + Caribbean,26.333961,Atlantic MDR
1895,10,27.123451,Gulf + Caribbean,26.395515,Atlantic MDR
1895,11,26.4575,Gulf + Caribbean,25.798824,Atlantic MDR
1895,12,25.17747,Gulf + Caribbean,24.56737,Atlantic MDR
1896,1,24.545206,Gulf + Caribbean,23.322712,Atlantic MDR
1896,2,23.534546,Gulf + Caribbean,22.789928,Atlantic MDR
1896,3,23.852625,Gulf + Caribbean,22.927275,Atlantic MDR
1896,4,24.64305,Gulf + Caribbean,23.16971,Atlantic MDR
1896,5,26.38951,Gulf + Caribbean,23.833805,Atlantic MDR
1896,6,27.265974,Gulf + Caribbean,25.106594,Atlantic MDR
1896,7,27.622263,Gulf + Caribbean,25.48306,Atlantic MDR
1896,8,28.63544,Gulf + Caribbean,26.255074,Atlantic MDR
1896,9,28.67514,Gulf + Caribbean,26.833796,Atlantic MDR
1896,10,27.858955,Gulf + Caribbean,26.723629,Atlantic MDR
1896,11,26.701057,Gulf + Caribbean,26.139269,Atlantic MDR
1896,12,25.139349,Gulf + Caribbean,24.873182,Atlantic MDR
1897,1,24.200846,Gulf + Caribbean,23.170826,Atlantic MDR
1897,2,23.871973,Gulf + Caribbean,23.176716,Atlantic MDR
1897,3,24.419493,Gulf + Caribbean,23.142454,Atlantic MDR
1897,4,25.055271,Gulf + Caribbean,23.304203,Atlantic MDR
1897,5,26.067556,Gulf + Caribbean,23.903133,Atlantic MDR
1897,6,27.286749,Gulf + Caribbean,24.747643,Atlantic MDR
1897,7,28.02147,Gulf + Caribbean,25.324312,Atlantic MDR
1897,8,28.529104,Gulf + Caribbean,25.789585,Atlantic MDR
1897,9,28.13297,Gulf + Caribbean,26.341555,Atlantic MDR
1897,10,27.254614,Gulf + Caribbean,26.332672,Atlantic MDR
1897,11,25.765612,Gulf + Caribbean,25.57829,Atlantic MDR
1897,12,25.556438,Gulf + Caribbean,24.32174,Atlantic MDR
1898,1,24.955,Gulf + Caribbean,23.145487,Atlantic MDR
1898,2,24.707014,Gulf + Caribbean,22.609161,Atlantic MDR
1898,3,24.593197,Gulf + Caribbean,22.961409,Atlantic MDR
1898,4,24.640358,Gulf + Caribbean,22.930653,Atlantic MDR
1898,5,26.23264,Gulf + Caribbean,23.374184,Atlantic MDR
1898,6,27.465439,Gulf + Caribbean,24.760975,Atlantic MDR
1898,7,28.028437,Gulf + Caribbean,25.239008,Atlantic MDR
1898,8,28.265253,Gulf + Caribbean,26.013018,Atlantic MDR
1898,9,28.170345,Gulf + Caribbean,26.162275,Atlantic MDR
1898,10,26.669415,Gulf + Caribbean,26.13628,Atlantic MDR
1898,11,25.770802,Gulf + Caribbean,25.27388,Atlantic MDR
1898,12,24.269852,Gulf + Caribbean,24.207111,Atlantic MDR
1899,1,24.53714,Gulf + Caribbean,23.038246,Atlantic MDR
1899,2,23.976618,Gulf + Caribbean,22.153933,Atlantic MDR
1899,3,24.214561,Gulf + Caribbean,22.517315,Atlantic MDR
1899,4,24.905096,Gulf + Caribbean,22.838959,Atlantic MDR
1899,5,26.244814,Gulf + Caribbean,24.284716,Atlantic MDR
1899,6,26.680126,Gulf + Caribbean,24.58009,Atlantic MDR
1899,7,27.652,Gulf + Caribbean,25.249273,Atlantic MDR
1899,8,28.288946,Gulf + Caribbean,25.919998,Atlantic MDR
1899,9,27.83375,Gulf + Caribbean,26.626175,Atlantic MDR
1899,10,27.252789,Gulf + Caribbean,26.615288,Atlantic MDR
1899,11,26.288685,Gulf + Caribbean,25.801828,Atlantic MDR
1899,12,24.82491,Gulf + Caribbean,24.79861,Atlantic MDR
1900,1,22.713335,Gulf + Caribbean,24.053953,Atlantic MDR
1900,2,22.862162,Gulf + Caribbean,23.326496,Atlantic MDR
1900,3,22.738892,Gulf + Caribbean,23.216629,Atlantic MDR
1900,4,25.023863,Gulf + Caribbean,23.608572,Atlantic MDR
1900,5,26.75609,Gulf + Caribbean,23.77289,Atlantic MDR
1900,6,26.678335,Gulf + Caribbean,24.00807,Atlantic MDR
1900,7,28.058636,Gulf + Caribbean,25.21697,Atlantic MDR
1900,8,28.400858,Gulf + Caribbean,25.592419,Atlantic MDR
1900,9,27.973785,Gulf + Caribbean,26.31531,Atlantic MDR
1900,10,27.969088,Gulf + Caribbean,25.814589,Atlantic MDR
1900,11,24.977222,Gulf + Caribbean,25.258963,Atlantic MDR
1900,12,25.231886,Gulf + Caribbean,24.232605,Atlantic MDR
1901,1,23.482777,Gulf + Caribbean,23.694939,Atlantic MDR
1901,2,23.689606,Gulf + Caribbean,23.595549,Atlantic MDR
1901,3,23.660873,Gulf + Caribbean,23.210001,Atlantic MDR
1901,4,25.103567,Gulf + Caribbean,23.345856,Atlantic MDR
1901,5,25.99439,Gulf + Caribbean,24.28494,Atlantic MDR
1901,6,27.006191,Gulf + Caribbean,24.785938,Atlantic MDR
1901,7,27.82258,Gulf + Caribbean,24.828451,Atlantic MDR
1901,8,28.738214,Gulf + Caribbean,26.057209,Atlantic MDR
1901,9,27.852503,Gulf + Caribbean,26.01452,Atlantic MDR
1901,10,27.703684,Gulf + Caribbean,25.464878,Atlantic MDR
1901,11,24.572926,Gulf + Caribbean,24.82828,Atlantic MDR
1901,12,24.057709,Gulf + Caribbean,24.068022,Atlantic MDR
1902,1,21.980314,Gulf + Caribbean,23.308025,Atlantic MDR
1902,2,23.0224,Gulf + Caribbean,22.596865,Atlantic MDR
1902,3,22.810272,Gulf + Caribbean,22.784447,Atlantic MDR
1902,4,24.461666,Gulf + Caribbean,22.652683,Atlantic MDR
1902,5,26.573227,Gulf + Caribbean,23.77234,Atlantic MDR
1902,6,27.096191,Gulf + Caribbean,24.625826,Atlantic MDR
1902,7,28.025892,Gulf + Caribbean,25.232296,Atlantic MDR
1902,8,28.205427,Gulf + Caribbean,25.614267,Atlantic MDR
1902,9,27.92022,Gulf + Caribbean,26.5214,Atlantic MDR
1902,10,27.526588,Gulf + Caribbean,26.089514,Atlantic MDR
1902,11,26.178614,Gulf + Caribbean,25.35979,Atlantic MDR
1902,12,23.947655,Gulf + Caribbean,24.24722,Atlantic MDR
1903,1,24.412857,Gulf + Caribbean,23.19106,Atlantic MDR
1903,2,24.332539,Gulf + Caribbean,23.179567,Atlantic MDR
1903,3,24.372547,Gulf + Caribbean,22.495287,Atlantic MDR
1903,4,24.716303,Gulf + Caribbean,22.91711,Atlantic MDR
1903,5,26.171041,Gulf + Caribbean,24.428349,Atlantic MDR
1903,6,26.584255,Gulf + Caribbean,24.986788,Atlantic MDR
1903,7,28.10878,Gulf + Caribbean,25.609999,Atlantic MDR
1903,8,28.309149,Gulf + Caribbean,25.948132,Atlantic MDR
1903,9,27.492973,Gulf + Caribbean,25.732882,Atlantic MDR
1903,10,26.681274,Gulf + Caribbean,25.964706,Atlantic MDR
1903,11,25.586744,Gulf + Caribbean,24.853811,Atlantic MDR
1903,12,24.47111,Gulf + Caribbean,24.06991,Atlantic MDR
1904,1,23.1258,Gulf + Caribbean,22.532019,Atlantic MDR
1904,2,23.173685,Gulf + Caribbean,22.349861,Atlantic MDR
1904,3,24.18415,Gulf + Caribbean,21.829807,Atlantic MDR
1904,4,25.02745,Gulf + Caribbean,21.972153,Atlantic MDR
1904,5,25.779343,Gulf + Caribbean,22.853884,Atlantic MDR
1904,6,26.657,Gulf + Caribbean,23.363087,Atlantic MDR
1904,7,27.376192,Gulf + Caribbean,24.60716,Atlantic MDR
1904,8,27.798037,Gulf + Caribbean,25.505209,Atlantic MDR
1904,9,27.657682,Gulf + Caribbean,25.63744,Atlantic MDR
1904,10,27.234133,Gulf + Caribbean,25.737833,Atlantic MDR
1904,11,25.930515,Gulf + Caribbean,25.224863,Atlantic MDR
1904,12,24.404938,Gulf + Caribbean,23.66598,Atlantic MDR
1905,1,23.453096,Gulf + Caribbean,22.654636,Atlantic MDR
1905,2,22.982576,Gulf + Caribbean,22.032845,Atlantic MDR
1905,3,23.660162,Gulf + Caribbean,21.83398,Atlantic MDR
1905,4,24.246216,Gulf + Caribbean,22.24574,Atlantic MDR
1905,5,26.3737,Gulf + Caribbean,22.687042,Atlantic MDR
1905,6,27.15451,Gulf + Caribbean,23.87032,Atlantic MDR
1905,7,27.898312,Gulf + Caribbean,24.666634,Atlantic MDR
1905,8,28.188295,Gulf + Caribbean,25.50979,Atlantic MDR
1905,9,28.02381,Gulf + Caribbean,25.775421,Atlantic MDR
1905,10,27.196346,Gulf + Caribbean,25.721388,Atlantic MDR
1905,11,26.494143,Gulf + Caribbean,24.503664,Atlantic MDR
1905,12,24.516563,Gulf + Caribbean,23.512215,Atlantic MDR
1906,1,24.368422,Gulf + Caribbean,22.695791,Atlantic MDR
1906,2,23.787249,Gulf + Caribbean,22.166725,Atlantic MDR
1906,3,23.840464,Gulf + Caribbean,22.016476,Atlantic MDR
1906,4,24.5901,Gulf + Caribbean,22.736937,Atlantic MDR
1906,5,25.560722,Gulf + Caribbean,23.127878,Atlantic MDR
1906,6,27.176598,Gulf + Caribbean,24.372038,Atlantic MDR
1906,7,27.901121,Gulf + Caribbean,25.08849,Atlantic MDR
1906,8,28.184446,Gulf + Caribbean,25.807686,Atlantic MDR
1906,9,28.23956,Gulf + Caribbean,26.055756,Atlantic MDR
1906,10,27.270779,Gulf + Caribbean,26.18091,Atlantic MDR
1906,11,26.150267,Gulf + Caribbean,25.481312,Atlantic MDR
1906,12,24.661516,Gulf + Caribbean,23.93951,Atlantic MDR
1907,1,23.949907,Gulf + Caribbean,22.479118,Atlantic MDR
1907,2,23.481651,Gulf + Caribbean,21.586887,Atlantic MDR
1907,3,24.031837,Gulf + Caribbean,21.46076,Atlantic MDR
1907,4,24.645977,Gulf + Caribbean,21.929787,Atlantic MDR
1907,5,26.120863,Gulf + Caribbean,22.68047,Atlantic MDR
1907,6,27.16112,Gulf + Caribbean,23.766499,Atlantic MDR
1907,7,27.580437,Gulf + Caribbean,24.414001,Atlantic MDR
1907,8,27.68652,Gulf + Caribbean,25.646128,Atlantic MDR
1907,9,27.76823,Gulf + Caribbean,26.29218,Atlantic MDR
1907,10,27.187542,Gulf + Caribbean,26.08036,Atlantic MDR
1907,11,26.203802,Gulf + Caribbean,24.791882,Atlantic MDR
1907,12,25.155266,Gulf + Caribbean,23.29905,Atlantic MDR
1908,1,23.912973,Gulf + Caribbean,22.276196,Atlantic MDR
1908,2,23.725153,Gulf + Caribbean,21.681738,Atlantic MDR
1908,3,24.205757,Gulf + Caribbean,21.615639,Atlantic MDR
1908,4,24.994642,Gulf + Caribbean,21.678082,Atlantic MDR
1908,5,26.098974,Gulf + Caribbean,22.749393,Atlantic MDR
1908,6,27.044334,Gulf + Caribbean,24.048262,Atlantic MDR
1908,7,27.51363,Gulf + Caribbean,24.816303,Atlantic MDR
1908,8,27.949049,Gulf + Caribbean,25.469059,Atlantic MDR
1908,9,28.025204,Gulf + Caribbean,25.82008,Atlantic MDR
1908,10,26.821468,Gulf + Caribbean,26.046803,Atlantic MDR
1908,11,25.922031,Gulf + Caribbean,25.280834,Atlantic MDR
1908,12,25.148361,Gulf + Caribbean,24.061623,Atlantic MDR
1909,1,24.280573,Gulf + Caribbean,22.711521,Atlantic MDR
1909,2,23.796967,Gulf + Caribbean,22.07548,Atlantic MDR
1909,3,23.909168,Gulf + Caribbean,22.116718,Atlantic MDR
1909,4,24.542356,Gulf + Caribbean,22.192844,Atlantic MDR
1909,5,25.890228,Gulf + Caribbean,23.275267,Atlantic MDR
1909,6,27.182602,Gulf + Caribbean,24.128664,Atlantic MDR
1909,7,27.462833,Gulf + Caribbean,24.619009,Atlantic MDR
1909,8,27.836933,Gulf + Caribbean,25.490993,Atlantic MDR
1909,9,27.684801,Gulf + Caribbean,25.876474,Atlantic MDR
1909,10,26.718925,Gulf + Caribbean,25.632187,Atlantic MDR
1909,11,25.538845,Gulf + Caribbean,24.930853,Atlantic MDR
1909,12,24.190802,Gulf + Caribbean,24.211212,Atlantic MDR
1910,1,23.246983,Gulf + Caribbean,22.89627,Atlantic MDR
1910,2,22.890493,Gulf + Caribbean,21.87526,Atlantic MDR
1910,3,23.266226,Gulf + Caribbean,21.77377,Atlantic MDR
1910,4,24.028898,Gulf + Caribbean,22.35,Atlantic MDR
1910,5,25.094347,Gulf + Caribbean,22.939425,Atlantic MDR
1910,6,26.3412,Gulf + Caribbean,23.706749,Atlantic MDR
1910,7,27.071505,Gulf + Caribbean,24.428686,Atlantic MDR
1910,8,27.846048,Gulf + Caribbean,25.084852,Atlantic MDR
1910,9,27.665606,Gulf + Caribbean,26.07313,Atlantic MDR
1910,10,27.06704,Gulf + Caribbean,25.871044,Atlantic MDR
1910,11,25.666183,Gulf + Caribbean,25.688345,Atlantic MDR
1910,12,24.542757,Gulf + Caribbean,24.096462,Atlantic MDR
1911,1,23.591703,Gulf + Caribbean,23.010067,Atlantic MDR
1911,2,23.683233,Gulf + Caribbean,22.015701,Atlantic MDR
1911,3,23.908016,Gulf + Caribbean,21.82515,Atlantic MDR
1911,4,24.730162,Gulf + Caribbean,22.406538,Atlantic MDR
1911,5,25.570004,Gulf + Caribbean,23.168419,Atlantic MDR
1911,6,26.839926,Gulf + Caribbean,23.80094,Atlantic MDR
1911,7,27.340256,Gulf + Caribbean,24.752106,Atlantic MDR
1911,8,28.043541,Gulf + Caribbean,25.518633,Atlantic MDR
1911,9,27.952015,Gulf + Caribbean,26.049465,Atlantic MDR
1911,10,27.518581,Gulf + Caribbean,26.002752,Atlantic MDR
1911,11,26.334396,Gulf + Caribbean,24.993402,Atlantic MDR
1911,12,24.852196,Gulf + Caribbean,23.961466,Atlantic MDR
1912,1,24.116175,Gulf + Caribbean,22.86093,Atlantic MDR
1912,2,23.428648,Gulf + Caribbean,22.306898,Atlantic MDR
1912,3,24.081743,Gulf + Caribbean,22.38738,Atlantic MDR
1912,4,24.891045,Gulf + Caribbean,22.554428,Atlantic MDR
1912,5,26.1535,Gulf + Caribbean,23.082344,Atlantic MDR
1912,6,26.861982,Gulf + Caribbean,23.795454,Atlantic MDR
1912,7,27.448095,Gulf + Caribbean,24.808846,Atlantic MDR
1912,8,27.836031,Gulf + Caribbean,25.399563,Atlantic MDR
1912,9,28.017231,Gulf + Caribbean,26.083025,Atlantic MDR
1912,10,27.308582,Gulf + Caribbean,25.915646,Atlantic MDR
1912,11,25.935,Gulf + Caribbean,25.233637,Atlantic MDR
1912,12,24.99771,Gulf + Caribbean,23.686783,Atlantic MDR
1913,1,24.253153,Gulf + Caribbean,22.659937,Atlantic MDR
1913,2,23.967112,Gulf + Caribbean,22.199148,Atlantic MDR
1913,3,24.154966,Gulf + Caribbean,22.11912,Atlantic MDR
1913,4,24.312332,Gulf + Caribbean,22.232887,Atlantic MDR
1913,5,25.174414,Gulf + Caribbean,23.014507,Atlantic MDR
1913,6,26.24,Gulf + Caribbean,23.739939,Atlantic MDR
1913,7,27.152868,Gulf + Caribbean,24.625315,Atlantic MDR
1913,8,27.435272,Gulf + Caribbean,25.478819,Atlantic MDR
1913,9,27.584284,Gulf + Caribbean,25.645899,Atlantic MDR
1913,10,26.948126,Gulf + Caribbean,25.75,Atlantic MDR
1913,11,25.706028,Gulf + Caribbean,25.185095,Atlantic MDR
1913,12,24.789368,Gulf + Caribbean,23.922636,Atlantic MDR
1914,1,23.660685,Gulf + Caribbean,23.241676,Atlantic MDR
1914,2,23.5782,Gulf + Caribbean,22.24118,Atlantic MDR
1914,3,23.416,Gulf + Caribbean,22.302216,Atlantic MDR
1914,4,24.662935,Gulf + Caribbean,22.340412,Atlantic MDR
1914,5,25.806713,Gulf + Caribbean,23.324324,Atlantic MDR
1914,6,26.793743,Gulf + Caribbean,23.84522,Atlantic MDR
1914,7,27.603436,Gulf + Caribbean,24.6796,Atlantic MDR
1914,8,27.929138,Gulf + Caribbean,25.517778,Atlantic MDR
1914,9,28.051006,Gulf + Caribbean,26.109026,Atlantic MDR
1914,10,27.358824,Gulf + Caribbean,26.285385,Atlantic MDR
1914,11,26.133045,Gulf + Caribbean,25.43936,Atlantic MDR
1914,12,25.354912,Gulf + Caribbean,24.244776,Atlantic MDR
1915,1,24.51033,Gulf + Caribbean,22.90602,Atlantic MDR
1915,2,23.796131,Gulf + Caribbean,22.283497,Atlantic MDR
1915,3,23.781502,Gulf + Caribbean,23.050179,Atlantic MDR
1915,4,23.982649,Gulf + Caribbean,23.214144,Atlantic MDR
1915,5,25.972595,Gulf + Caribbean,24.121847,Atlantic MDR
1915,6,27.311964,Gulf + Caribbean,25.01675,Atlantic MDR
1915,7,28.335701,Gulf + Caribbean,26.05975,Atlantic MDR
1915,8,28.433834,Gulf + Caribbean,26.682953,Atlantic MDR
1915,9,28.204346,Gulf + Caribbean,26.983704,Atlantic MDR
1915,10,27.50016,Gulf + Caribbean,26.550598,Atlantic MDR
1915,11,26.485249,Gulf + Caribbean,25.9303,Atlantic MDR
1915,12,24.863482,Gulf + Caribbean,24.932539,Atlantic MDR
1916,1,24.222221,Gulf + Caribbean,23.224203,Atlantic MDR
1916,2,23.630829,Gulf + Caribbean,22.52269,Atlantic MDR
1916,3,23.608198,Gulf + Caribbean,22.066944,Atlantic MDR
1916,4,24.314123,Gulf + Caribbean,22.612705,Atlantic MDR
1916,5,25.760082,Gulf + Caribbean,23.320623,Atlantic MDR
1916,6,27.068888,Gulf + Caribbean,24.392645,Atlantic MDR
1916,7,27.553429,Gulf + Caribbean,25.082249,Atlantic MDR
1916,8,28.01814,Gulf + Caribbean,25.689821,Atlantic MDR
1916,9,27.826834,Gulf + Caribbean,26.241634,Atlantic MDR
1916,10,27.355825,Gulf + Caribbean,26.065392,Atlantic MDR
1916,11,25.775928,Gulf + Caribbean,25.016806,Atlantic MDR
1916,12,24.682661,Gulf + Caribbean,23.527853,Atlantic MDR
1917,1,24.04379,Gulf + Caribbean,22.559494,Atlantic MDR
1917,2,23.558332,Gulf + Caribbean,22.40988,Atlantic MDR
1917,3,23.70009,Gulf + Caribbean,22.338089,Atlantic MDR
1917,4,24.29523,Gulf + Caribbean,22.914639,Atlantic MDR
1917,5,25.337229,Gulf + Caribbean,23.776537,Atlantic MDR
1917,6,26.77675,Gulf + Caribbean,24.173058,Atlantic MDR
1917,7,27.300943,Gulf + Caribbean,24.754269,Atlantic MDR
1917,8,27.851616,Gulf + Caribbean,25.599037,Atlantic MDR
1917,9,27.67526,Gulf + Caribbean,25.779741,Atlantic MDR
1917,10,27.103678,Gulf + Caribbean,25.371777,Atlantic MDR
1917,11,25.692783,Gulf + Caribbean,25.288963,Atlantic MDR
1917,12,24.32183,Gulf + Caribbean,23.809074,Atlantic MDR
1918,1,23.574564,Gulf + Caribbean,23.559723,Atlantic MDR
1918,2,23.693737,Gulf + Caribbean,22.605242,Atlantic MDR
1918,3,23.787838,Gulf + Caribbean,22.100283,Atlantic MDR
1918,4,23.8898,Gulf + Caribbean,22.14437,Atlantic MDR
1918,5,25.69342,Gulf + Caribbean,22.598768,Atlantic MDR
1918,6,26.856226,Gulf + Caribbean,24.080877,Atlantic MDR
1918,7,27.4359,Gulf + Caribbean,25.057741,Atlantic MDR
1918,8,27.694407,Gulf + Caribbean,26.521954,Atlantic MDR
1918,9,27.782997,Gulf + Caribbean,26.449324,Atlantic MDR
1918,10,27.356377,Gulf + Caribbean,26.297842,Atlantic MDR
1918,11,26.049156,Gulf + Caribbean,25.07611,Atlantic MDR
1918,12,24.499516,Gulf + Caribbean,23.640491,Atlantic MDR
1919,1,23.662268,Gulf + Caribbean,23.370794,Atlantic MDR
1919,2,23.445057,Gulf + Caribbean,22.923,Atlantic MDR
1919,3,23.77667,Gulf + Caribbean,22.956547,Atlantic MDR
1919,4,24.56869,Gulf + Caribbean,23.014286,Atlantic MDR
1919,5,25.751013,Gulf + Caribbean,23.563604,Atlantic MDR
1919,6,26.913113,Gulf + Caribbean,24.313713,Atlantic MDR
1919,7,27.483643,Gulf + Caribbean,24.801504,Atlantic MDR
1919,8,28.11009,Gulf + Caribbean,25.821426,Atlantic MDR
1919,9,28.047615,Gulf + Caribbean,26.089445,Atlantic MDR
1919,10,27.566446,Gulf + Caribbean,26.290747,Atlantic MDR
1919,11,26.207384,Gulf + Caribbean,25.746302,Atlantic MDR
1919,12,25.290728,Gulf + Caribbean,23.8771,Atlantic MDR
1920,1,24.222706,Gulf + Caribbean,22.593554,Atlantic MDR
1920,2,23.791775,Gulf + Caribbean,22.037598,Atlantic MDR
1920,3,23.829407,Gulf + Caribbean,22.237822,Atlantic MDR
1920,4,24.920153,Gulf + Caribbean,22.571817,Atlantic MDR
1920,5,25.979511,Gulf + Caribbean,23.344206,Atlantic MDR
1920,6,26.881527,Gulf + Caribbean,24.274332,Atlantic MDR
1920,7,27.29119,Gulf + Caribbean,24.92301,Atlantic MDR
1920,8,27.66169,Gulf + Caribbean,25.592424,Atlantic MDR
1920,9,28.052101,Gulf + Caribbean,26.329048,Atlantic MDR
1920,10,27.021399,Gulf + Caribbean,26.338175,Atlantic MDR
1920,11,26.1031,Gulf + Caribbean,25.229923,Atlantic MDR
1920,12,25.00387,Gulf + Caribbean,24.036198,Atlantic MDR
1921,1,24.189802,Gulf + Caribbean,22.889318,Atlantic MDR
1921,2,23.952787,Gulf + Caribbean,22.629137,Atlantic MDR
1921,3,24.42347,Gulf + Caribbean,22.122108,Atlantic MDR
1921,4,24.767794,Gulf + Caribbean,22.875175,Atlantic MDR
1921,5,25.516434,Gulf + Caribbean,23.067656,Atlantic MDR
1921,6,26.805283,Gulf + Caribbean,24.011755,Atlantic MDR
1921,7,27.492428,Gulf + Caribbean,24.986567,Atlantic MDR
1921,8,27.777285,Gulf + Caribbean,25.937252,Atlantic MDR
1921,9,28.002432,Gulf + Caribbean,26.213308,Atlantic MDR
1921,10,27.434902,Gulf + Caribbean,26.251122,Atlantic MDR
1921,11,26.289066,Gulf + Caribbean,25.149439,Atlantic MDR
1921,12,25.155497,Gulf + Caribbean,24.129784,Atlantic MDR
1922,1,24.376026,Gulf + Caribbean,22.85682,Atlantic MDR
1922,2,24.055704,Gulf + Caribbean,22.261364,Atlantic MDR
1922,3,24.093153,Gulf + Caribbean,22.074488,Atlantic MDR
1922,4,24.768131,Gulf + Caribbean,22.418253,Atlantic MDR
1922,5,25.821417,Gulf + Caribbean,23.261906,Atlantic MDR
1922,6,26.899551,Gulf + Caribbean,23.89892,Atlantic MDR
1922,7,27.383118,Gulf + Caribbean,24.684538,Atlantic MDR
1922,8,27.74087,Gulf + Caribbean,25.459244,Atlantic MDR
1922,9,27.73434,Gulf + Caribbean,25.667952,Atlantic MDR
1922,10,27.32974,Gulf + Caribbean,25.709091,Atlantic MDR
1922,11,26.27647,Gulf + Caribbean,25.089624,Atlantic MDR
1922,12,25.204704,Gulf + Caribbean,24.093788,Atlantic MDR
1923,1,24.100065,Gulf + Caribbean,22.514206,Atlantic MDR
1923,2,23.786383,Gulf + Caribbean,21.923914,Atlantic MDR
1923,3,23.933182,Gulf + Caribbean,22.134817,Atlantic MDR
1923,4,24.686687,Gulf + Caribbean,22.1398,Atlantic MDR
1923,5,25.933071,Gulf + Caribbean,23.145,Atlantic MDR
1923,6,26.939869,Gulf + Caribbean,23.996284,Atlantic MDR
1923,7,27.38078,Gulf + Caribbean,25.02394,Atlantic MDR
1923,8,27.761513,Gulf + Caribbean,25.638174,Atlantic MDR
1923,9,27.901192,Gulf + Caribbean,26.009754,Atlantic MDR
1923,10,27.1502,Gulf + Caribbean,25.828247,Atlantic MDR
1923,11,25.725418,Gulf + Caribbean,25.27309,Atlantic MDR
1923,12,24.811111,Gulf + Caribbean,24.271137,Atlantic MDR
1924,1,24.0308,Gulf + Caribbean,22.962416,Atlantic MDR
1924,2,23.579933,Gulf + Caribbean,22.490807,Atlantic MDR
1924,3,23.564768,Gulf + Caribbean,22.866411,Atlantic MDR
1924,4,24.77046,Gulf + Caribbean,23.148523,Atlantic MDR
1924,5,26.1202,Gulf + Caribbean,23.805773,Atlantic MDR
1924,6,27.497498,Gulf + Caribbean,24.419346,Atlantic MDR
1924,7,27.878489,Gulf + Caribbean,25.114073,Atlantic MDR
1924,8,28.140194,Gulf + Caribbean,25.710957,Atlantic MDR
1924,9,28.080973,Gulf + Caribbean,25.98615,Atlantic MDR
1924,10,27.13533,Gulf + Caribbean,25.75615,Atlantic MDR
1924,11,26.001003,Gulf + Caribbean,25.048254,Atlantic MDR
1924,12,24.890648,Gulf + Caribbean,24.092773,Atlantic MDR
1925,1,24.202185,Gulf + Caribbean,22.78191,Atlantic MDR
1925,2,23.810392,Gulf + Caribbean,22.228582,Atlantic MDR
1925,3,24.114422,Gulf + Caribbean,22.209288,Atlantic MDR
1925,4,24.858078,Gulf + Caribbean,22.598902,Atlantic MDR
1925,5,25.929338,Gulf + Caribbean,23.429022,Atlantic MDR
1925,6,26.904238,Gulf + Caribbean,24.243402,Atlantic MDR
1925,7,27.616861,Gulf + Caribbean,25.00447,Atlantic MDR
1925,8,28.15954,Gulf + Caribbean,25.750296,Atlantic MDR
1925,9,28.11595,Gulf + Caribbean,26.16676,Atlantic MDR
1925,10,27.70212,Gulf + Caribbean,26.324049,Atlantic MDR
1925,11,26.422613,Gulf + Caribbean,25.459152,Atlantic MDR
1925,12,25.224302,Gulf + Caribbean,24.783136,Atlantic MDR
1926,1,24.13636,Gulf + Caribbean,23.942797,Atlantic MDR
1926,2,24.009073,Gulf + Caribbean,23.383955,Atlantic MDR
1926,3,24.08039,Gulf + Caribbean,23.05855,Atlantic MDR
1926,4,25.121544,Gulf + Caribbean,23.366188,Atlantic MDR
1926,5,26.151947,Gulf + Caribbean,24.14395,Atlantic MDR
1926,6,27.290588,Gulf + Caribbean,25.103462,Atlantic MDR
1926,7,27.938156,Gulf + Caribbean,25.905443,Atlantic MDR
1926,8,28.330065,Gulf + Caribbean,26.366884,Atlantic MDR
1926,9,28.326908,Gulf + Caribbean,26.71811,Atlantic MDR
1926,10,27.753288,Gulf + Caribbean,26.66085,Atlantic MDR
1926,11,26.506388,Gulf + Caribbean,25.483042,Atlantic MDR
1926,12,25.446732,Gulf + Caribbean,24.342876,Atlantic MDR
1927,1,24.261742,Gulf + Caribbean,23.38781,Atlantic MDR
1927,2,24.246452,Gulf + Caribbean,22.947945,Atlantic MDR
1927,3,24.329739,Gulf + Caribbean,22.74,Atlantic MDR
1927,4,25.100529,Gulf + Caribbean,23.150198,Atlantic MDR
1927,5,26.240595,Gulf + Caribbean,24.142412,Atlantic MDR
1927,6,27.244064,Gulf + Caribbean,25.044352,Atlantic MDR
1927,7,27.805948,Gulf + Caribbean,25.800573,Atlantic MDR
1927,8,28.271152,Gulf + Caribbean,26.429462,Atlantic MDR
1927,9,28.422338,Gulf + Caribbean,26.855337,Atlantic MDR
1927,10,27.763205,Gulf + Caribbean,26.648874,Atlantic MDR
1927,11,26.525492,Gulf + Caribbean,26.20493,Atlantic MDR
1927,12,25.01884,Gulf + Caribbean,24.691303,Atlantic MDR
1928,1,23.91327,Gulf + Caribbean,23.483606,Atlantic MDR
1928,2,23.948442,Gulf + Caribbean,22.521782,Atlantic MDR
1928,3,24.270063,Gulf + Caribbean,22.461271,Atlantic MDR
1928,4,24.598299,Gulf + Caribbean,22.73858,Atlantic MDR
1928,5,25.657661,Gulf + Caribbean,23.637833,Atlantic MDR
1928,6,27.00039,Gulf + Caribbean,24.929928,Atlantic MDR
1928,7,27.628958,Gulf + Caribbean,25.487673,Atlantic MDR
1928,8,28.176796,Gulf + Caribbean,26.20388,Atlantic MDR
1928,9,28.096622,Gulf + Caribbean,26.68993,Atlantic MDR
1928,10,27.631243,Gulf + Caribbean,26.35336,Atlantic MDR
1928,11,26.423872,Gulf + Caribbean,25.258411,Atlantic MDR
1928,12,25.06182,Gulf + Caribbean,24.206242,Atlantic MDR
1929,1,24.158749,Gulf + Caribbean,23.13112,Atlantic MDR
1929,2,24.028683,Gulf + Caribbean,22.57876,Atlantic MDR
1929,3,24.34884,Gulf + Caribbean,22.545944,Atlantic MDR
1929,4,24.98129,Gulf + Caribbean,22.926422,Atlantic MDR
1929,5,25.859161,Gulf + Caribbean,23.390858,Atlantic MDR
1929,6,26.757517,Gulf + Caribbean,24.316986,Atlantic MDR
1929,7,27.342163,Gulf + Caribbean,25.344513,Atlantic MDR
1929,8,27.841806,Gulf + Caribbean,25.69958,Atlantic MDR
1929,9,27.826347,Gulf + Caribbean,26.258715,Atlantic MDR
1929,10,27.192106,Gulf + Caribbean,26.249998,Atlantic MDR
1929,11,26.191793,Gulf + Caribbean,25.145935,Atlantic MDR
1929,12,24.944128,Gulf + Caribbean,24.028801,Atlantic MDR
1930,1,24.281185,Gulf + Caribbean,22.793879,Atlantic MDR
1930,2,23.785934,Gulf + Caribbean,22.382408,Atlantic MDR
1930,3,23.943848,Gulf + Caribbean,22.511799,Atlantic MDR
1930,4,24.65742,Gulf + Caribbean,22.643656,Atlantic MDR
1930,5,26.00019,Gulf + Caribbean,23.526573,Atlantic MDR
1930,6,26.818077,Gulf + Caribbean,24.066933,Atlantic MDR
1930,7,27.667078,Gulf + Caribbean,24.960684,Atlantic MDR
1930,8,28.108105,Gulf + Caribbean,26.056713,Atlantic MDR
1930,9,28.138836,Gulf + Caribbean,26.705002,Atlantic MDR
1930,10,27.439745,Gulf + Caribbean,26.78533,Atlantic MDR
1930,11,26.253092,Gulf + Caribbean,26.282236,Atlantic MDR
1930,12,25.18565,Gulf + Caribbean,24.669804,Atlantic MDR
1931,1,24.038326,Gulf + Caribbean,23.46954,Atlantic MDR
1931,2,23.850328,Gulf + Caribbean,22.772352,Atlantic MDR
1931,3,23.73143,Gulf + Caribbean,23.131369,Atlantic MDR
1931,4,24.546558,Gulf + Caribbean,23.639786,Atlantic MDR
1931,5,26.072302,Gulf + Caribbean,24.200933,Atlantic MDR
1931,6,27.3208,Gulf + Caribbean,25.236223,Atlantic MDR
1931,7,28.101934,Gulf + Caribbean,25.663088,Atlantic MDR
1931,8,28.348896,Gulf + Caribbean,26.257593,Atlantic MDR
1931,9,28.277653,Gulf + Caribbean,26.724371,Atlantic MDR
1931,10,27.68157,Gulf + Caribbean,26.658403,Atlantic MDR
1931,11,26.33629,Gulf + Caribbean,25.976038,Atlantic MDR
1931,12,25.563702,Gulf + Caribbean,24.502426,Atlantic MDR
1932,1,24.729738,Gulf + Caribbean,23.520155,Atlantic MDR
1932,2,24.50656,Gulf + Caribbean,23.340132,Atlantic MDR
1932,3,24.378412,Gulf + Caribbean,23.542435,Atlantic MDR
1932,4,24.827293,Gulf + Caribbean,23.776796,Atlantic MDR
1932,5,25.927622,Gulf + Caribbean,24.263689,Atlantic MDR
1932,6,27.303041,Gulf + Caribbean,25.074387,Atlantic MDR
1932,7,28.010328,Gulf + Caribbean,25.724388,Atlantic MDR
1932,8,28.432995,Gulf + Caribbean,26.302074,Atlantic MDR
1932,9,28.385393,Gulf + Caribbean,26.952072,Atlantic MDR
1932,10,27.642418,Gulf + Caribbean,26.60791,Atlantic MDR
1932,11,26.334837,Gulf + Caribbean,25.762451,Atlantic MDR
1932,12,25.119541,Gulf + Caribbean,24.438625,Atlantic MDR
1933,1,24.532549,Gulf + Caribbean,23.027332,Atlantic MDR
1933,2,24.020264,Gulf + Caribbean,23.066761,Atlantic MDR
1933,3,24.307047,Gulf + Caribbean,22.846115,Atlantic MDR
1933,4,25.207275,Gulf + Caribbean,23.467186,Atlantic MDR
1933,5,26.470783,Gulf + Caribbean,24.488066,Atlantic MDR
1933,6,27.244286,Gulf + Caribbean,25.014133,Atlantic MDR
1933,7,27.844643,Gulf + Caribbean,25.539999,Atlantic MDR
1933,8,28.220192,Gulf + Caribbean,25.981249,Atlantic MDR
1933,9,28.148432,Gulf + Caribbean,26.515938,Atlantic MDR
1933,10,27.5825,Gulf + Caribbean,26.699507,Atlantic MDR
1933,11,26.502104,Gulf + Caribbean,25.746733,Atlantic MDR
1933,12,25.417683,Gulf + Caribbean,24.089931,Atlantic MDR
1934,1,24.528364,Gulf + Caribbean,22.926907,Atlantic MDR
1934,2,23.939938,Gulf + Caribbean,22.315435,Atlantic MDR
1934,3,24.243725,Gulf + Caribbean,22.18066,Atlantic MDR
1934,4,25.013008,Gulf + Caribbean,22.765812,Atlantic MDR
1934,5,26.103947,Gulf + Caribbean,23.243116,Atlantic MDR
1934,6,27.159134,Gulf + Caribbean,24.401001,Atlantic MDR
1934,7,27.794575,Gulf + Caribbean,24.977718,Atlantic MDR
1934,8,28.228886,Gulf + Caribbean,25.812515,Atlantic MDR
1934,9,28.260395,Gulf + Caribbean,26.34737,Atlantic MDR
1934,10,27.849934,Gulf + Caribbean,26.343206,Atlantic MDR
1934,11,26.555359,Gulf + Caribbean,25.326881,Atlantic MDR
1934,12,25.243856,Gulf + Caribbean,24.186264,Atlantic MDR
1935,1,24.605717,Gulf + Caribbean,23.424173,Atlantic MDR
1935,2,24.040724,Gulf + Caribbean,22.67331,Atlantic MDR
1935,3,24.275002,Gulf + Caribbean,22.42818,Atlantic MDR
1935,4,25.229544,Gulf + Caribbean,22.949276,Atlantic MDR
1935,5,26.307339,Gulf + Caribbean,23.991201,Atlantic MDR
1935,6,27.392452,Gulf + Caribbean,24.715834,Atlantic MDR
1935,7,27.938065,Gulf + Caribbean,25.424246,Atlantic MDR
1935,8,28.385359,Gulf + Caribbean,25.918385,Atlantic MDR
1935,9,28.276144,Gulf + Caribbean,26.309874,Atlantic MDR
1935,10,27.575815,Gulf + Caribbean,25.955061,Atlantic MDR
1935,11,26.486185,Gulf + Caribbean,25.3097,Atlantic MDR
1935,12,25.067406,Gulf + Caribbean,24.147427,Atlantic MDR
1936,1,24.422272,Gulf + Caribbean,23.499294,Atlantic MDR
1936,2,24.164904,Gulf + Caribbean,22.983152,Atlantic MDR
1936,3,24.2627,Gulf + Caribbean,23.274364,Atlantic MDR
1936,4,25.03842,Gulf + Caribbean,23.588095,Atlantic MDR
1936,5,26.288898,Gulf + Caribbean,23.943396,Atlantic MDR
1936,6,27.616062,Gulf + Caribbean,25.091541,Atlantic MDR
1936,7,28.075485,Gulf + Caribbean,25.641119,Atlantic MDR
1936,8,28.40581,Gulf + Caribbean,26.18929,Atlantic MDR
1936,9,28.502,Gulf + Caribbean,26.438074,Atlantic MDR
1936,10,27.914742,Gulf + Caribbean,26.521782,Atlantic MDR
1936,11,26.71497,Gulf + Caribbean,25.435482,Atlantic MDR
1936,12,25.407434,Gulf + Caribbean,24.240946,Atlantic MDR
1937,1,24.921045,Gulf + Caribbean,23.341919,Atlantic MDR
1937,2,24.285324,Gulf + Caribbean,22.957724,Atlantic MDR
1937,3,24.542337,Gulf + Caribbean,23.057365,Atlantic MDR
1937,4,25.05625,Gulf + Caribbean,23.218512,Atlantic MDR
1937,5,26.440002,Gulf + Caribbean,23.906013,Atlantic MDR
1937,6,27.522127,Gulf + Caribbean,25.067835,Atlantic MDR
1937,7,28.046558,Gulf + Caribbean,25.979465,Atlantic MDR
1937,8,28.561766,Gulf + Caribbean,26.632309,Atlantic MDR
1937,9,28.727976,Gulf + Caribbean,27.094507,Atlantic MDR
1937,10,28.032885,Gulf + Caribbean,26.749327,Atlantic MDR
1937,11,26.639603,Gulf + Caribbean,26.198225,Atlantic MDR
1937,12,25.028717,Gulf + Caribbean,25.198843,Atlantic MDR
1938,1,24.148376,Gulf + Caribbean,23.810818,Atlantic MDR
1938,2,23.828236,Gulf + Caribbean,23.256647,Atlantic MDR
1938,3,24.34144,Gulf + Caribbean,23.11503,Atlantic MDR
1938,4,24.680853,Gulf + Caribbean,23.49531,Atlantic MDR
1938,5,26.16045,Gulf + Caribbean,24.02569,Atlantic MDR
1938,6,27.217205,Gulf + Caribbean,24.76435,Atlantic MDR
1938,7,27.818127,Gulf + Caribbean,25.315237,Atlantic MDR
1938,8,28.127245,Gulf + Caribbean,25.923157,Atlantic MDR
1938,9,28.248041,Gulf + Caribbean,26.290718,Atlantic MDR
1938,10,27.58195,Gulf + Caribbean,26.28426,Atlantic MDR
1938,11,26.521235,Gulf + Caribbean,25.667542,Atlantic MDR
1938,12,25.28871,Gulf + Caribbean,24.288204,Atlantic MDR
1939,1,24.46026,Gulf + Caribbean,23.319172,Atlantic MDR
1939,2,24.215391,Gulf + Caribbean,22.74527,Atlantic MDR
1939,3,24.36086,Gulf + Caribbean,22.508615,Atlantic MDR
1939,4,24.893204,Gulf + Caribbean,22.74437,Atlantic MDR
1939,5,26.057125,Gulf + Caribbean,23.691051,Atlantic MDR
1939,6,27.284063,Gulf + Caribbean,24.844933,Atlantic MDR
1939,7,27.969872,Gulf + Caribbean,25.345932,Atlantic MDR
1939,8,28.43458,Gulf + Caribbean,26.405943,Atlantic MDR
1939,9,28.625357,Gulf + Caribbean,27.09824,Atlantic MDR
1939,10,28.208902,Gulf + Caribbean,26.901438,Atlantic MDR
1939,11,26.691631,Gulf + Caribbean,25.800932,Atlantic MDR
1939,12,25.51045,Gulf + Caribbean,25.063059,Atlantic MDR
1940,1,24.759613,Gulf + Caribbean,24.545095,Atlantic MDR
1940,2,24.019537,Gulf + Caribbean,23.64695,Atlantic MDR
1940,3,24.1964,Gulf + Caribbean,24.108938,Atlantic MDR
1940,4,25.309801,Gulf + Caribbean,24.274385,Atlantic MDR
1940,5,26.194174,Gulf + Caribbean,25.025219,Atlantic MDR
1940,6,27.745066,Gulf + Caribbean,25.720251,Atlantic MDR
1940,7,28.464771,Gulf + Caribbean,26.234875,Atlantic MDR
1940,8,28.73941,Gulf + Caribbean,27.150925,Atlantic MDR
1940,9,28.707226,Gulf + Caribbean,27.560602,Atlantic MDR
1940,10,27.888824,Gulf + Caribbean,27.456173,Atlantic MDR
1940,11,26.846453,Gulf + Caribbean,26.900106,Atlantic MDR
1940,12,25.882618,Gulf + Caribbean,25.2895,Atlantic MDR
1941,1,24.980986,Gulf + Caribbean,24.470657,Atlantic MDR
1941,2,24.539007,Gulf + Caribbean,23.588558,Atlantic MDR
1941,3,24.437845,Gulf + Caribbean,23.668081,Atlantic MDR
1941,4,25.303791,Gulf + Caribbean,24.143454,Atlantic MDR
1941,5,26.163504,Gulf + Caribbean,24.61358,Atlantic MDR
1941,6,27.750792,Gulf + Caribbean,24.951006,Atlantic MDR
1941,7,28.345655,Gulf + Caribbean,26.058445,Atlantic MDR
1941,8,28.876223,Gulf + Caribbean,27.193798,Atlantic MDR
1941,9,28.85608,Gulf + Caribbean,27.145605,Atlantic MDR
1941,10,28.396908,Gulf + Caribbean,27.311506,Atlantic MDR
1941,11,27.46172,Gulf + Caribbean,27.109999,Atlantic MDR
1941,12,26.54369,Gulf + Caribbean,25.431114,Atlantic MDR
1942,1,25.305218,Gulf + Caribbean,23.542835,Atlantic MDR
1942,2,24.719833,Gulf + Caribbean,23.745003,Atlantic MDR
1942,3,24.73336,Gulf + Caribbean,24.096891,Atlantic MDR
1942,4,25.782017,Gulf + Caribbean,23.681496,Atlantic MDR
1942,5,26.868748,Gulf + Caribbean,25.170527,Atlantic MDR
1942,6,28.023981,Gulf + Caribbean,25.358162,Atlantic MDR
1942,7,28.51846,Gulf + Caribbean,25.71095,Atlantic MDR
1942,8,28.667744,Gulf + Caribbean,26.278357,Atlantic MDR
1942,9,28.774635,Gulf + Caribbean,27.050346,Atlantic MDR
1942,10,28.12576,Gulf + Caribbean,26.766462,Atlantic MDR
1942,11,27.607529,Gulf + Caribbean,26.01587,Atlantic MDR
1942,12,26.027906,Gulf + Caribbean,25.938694,Atlantic MDR
1943,1,25.317352,Gulf + Caribbean,23.660501,Atlantic MDR
1943,2,25.084652,Gulf + Caribbean,23.32647,Atlantic MDR
1943,3,24.880661,Gulf + Caribbean,22.8009,Atlantic MDR
1943,4,25.178001,Gulf + Caribbean,23.738876,Atlantic MDR
1943,5,26.394232,Gulf + Caribbean,24.26712,Atlantic MDR
1943,6,27.5867,Gulf + Caribbean,24.777666,Atlantic MDR
1943,7,28.136139,Gulf + Caribbean,25.364565,Atlantic MDR
1943,8,28.591743,Gulf + Caribbean,26.46515,Atlantic MDR
1943,9,28.751944,Gulf + Caribbean,26.896181,Atlantic MDR
1943,10,27.960747,Gulf + Caribbean,27.394,Atlantic MDR
1943,11,26.960333,Gulf + Caribbean,25.481667,Atlantic MDR
1943,12,25.82062,Gulf + Caribbean,25.187037,Atlantic MDR
1944,1,25.088692,Gulf + Caribbean,24.046865,Atlantic MDR
1944,2,24.764002,Gulf + Caribbean,24.668213,Atlantic MDR
1944,3,25.043127,Gulf + Caribbean,23.973835,Atlantic MDR
1944,4,25.621721,Gulf + Caribbean,24.679436,Atlantic MDR
1944,5,26.393541,Gulf + Caribbean,24.816196,Atlantic MDR
1944,6,27.91882,Gulf + Caribbean,24.210878,Atlantic MDR
1944,7,28.542591,Gulf + Caribbean,25.432575,Atlantic MDR
1944,8,28.840425,Gulf + Caribbean,27.855003,Atlantic MDR
1944,9,28.941807,Gulf + Caribbean,27.372784,Atlantic MDR
1944,10,28.179308,Gulf + Caribbean,28.283922,Atlantic MDR
1944,11,27.11446,Gulf + Caribbean,27.789373,Atlantic MDR
1944,12,26.01844,Gulf + Caribbean,27.892494,Atlantic MDR
1945,1,24.541143,Gulf + Caribbean,22.869287,Atlantic MDR
1945,2,24.475405,Gulf + Caribbean,22.788462,Atlantic MDR
1945,3,24.893478,Gulf + Caribbean,26.232506,Atlantic MDR
1945,4,25.578054,Gulf + Caribbean,23.722221,Atlantic MDR
1945,5,26.486546,Gulf + Caribbean,24.783333,Atlantic MDR
1945,6,27.544224,Gulf + Caribbean,26.465998,Atlantic MDR
1945,7,28.180098,Gulf + Caribbean,26.893341,Atlantic MDR
1945,8,28.637375,Gulf + Caribbean,29.399994,Atlantic MDR
1945,9,28.643232,Gulf + Caribbean,29.090904,Atlantic MDR
1945,10,27.878492,Gulf + Caribbean,28.599997,Atlantic MDR
1945,11,26.914698,Gulf + Caribbean,25.261253,Atlantic MDR
1945,12,25.665363,Gulf + Caribbean,24.822834,Atlantic MDR
1946,1,25.333038,Gulf + Caribbean,22.997498,Atlantic MDR
1946,2,24.373335,Gulf + Caribbean,22.4262,Atlantic MDR
1946,3,24.248112,Gulf + Caribbean,22.2524,Atlantic MDR
1946,4,25.388268,Gulf + Caribbean,22.831623,Atlantic MDR
1946,5,26.596575,Gulf + Caribbean,23.22107,Atlantic MDR
1946,6,27.522917,Gulf + Caribbean,24.360613,Atlantic MDR
1946,7,27.876274,Gulf + Caribbean,25.260681,Atlantic MDR
1946,8,28.589247,Gulf + Caribbean,26.360376,Atlantic MDR
1946,9,28.64288,Gulf + Caribbean,26.767057,Atlantic MDR
1946,10,28.236202,Gulf + Caribbean,26.324368,Atlantic MDR
1946,11,27.315186,Gulf + Caribbean,25.712206,Atlantic MDR
1946,12,25.885843,Gulf + Caribbean,24.639496,Atlantic MDR
1947,1,24.708023,Gulf + Caribbean,23.281351,Atlantic MDR
1947,2,24.583235,Gulf + Caribbean,22.740698,Atlantic MDR
1947,3,25.051018,Gulf + Caribbean,23.23866,Atlantic MDR
1947,4,25.288181,Gulf + Caribbean,23.24612,Atlantic MDR
1947,5,26.226982,Gulf + Caribbean,23.769325,Atlantic MDR
1947,6,27.532188,Gulf + Caribbean,24.57541,Atlantic MDR
1947,7,28.103582,Gulf + Caribbean,25.663237,Atlantic MDR
1947,8,28.213781,Gulf + Caribbean,25.906109,Atlantic MDR
1947,9,28.54658,Gulf + Caribbean,26.625404,Atlantic MDR
1947,10,27.86875,Gulf + Caribbean,26.333263,Atlantic MDR
1947,11,27.263224,Gulf + Caribbean,25.969559,Atlantic MDR
1947,12,25.65254,Gulf + Caribbean,24.53475,Atlantic MDR
1948,1,24.75148,Gulf + Caribbean,23.73594,Atlantic MDR
1948,2,24.903084,Gulf + Caribbean,23.008074,Atlantic MDR
1948,3,25.10874,Gulf + Caribbean,23.321629,Atlantic MDR
1948,4,25.397806,Gulf + Caribbean,23.208454,Atlantic MDR
1948,5,26.581228,Gulf + Caribbean,24.141775,Atlantic MDR
1948,6,27.858286,Gulf + Caribbean,25.013462,Atlantic MDR
1948,7,28.251865,Gulf + Caribbean,25.915232,Atlantic MDR
1948,8,28.60264,Gulf + Caribbean,26.573942,Atlantic MDR
1948,9,28.404331,Gulf + Caribbean,26.58762,Atlantic MDR
1948,10,27.941652,Gulf + Caribbean,26.653778,Atlantic MDR
1948,11,26.987837,Gulf + Caribbean,25.937788,Atlantic MDR
1948,12,25.7695,Gulf + Caribbean,24.56477,Atlantic MDR
1949,1,25.328392,Gulf + Caribbean,23.729347,Atlantic MDR
1949,2,24.985203,Gulf + Caribbean,23.276512,Atlantic MDR
1949,3,24.930206,Gulf + Caribbean,22.806131,Atlantic MDR
1949,4,25.558681,Gulf + Caribbean,23.473356,Atlantic MDR
1949,5,26.574331,Gulf + Caribbean,24.03476,Atlantic MDR
1949,6,27.55137,Gulf + Caribbean,24.819386,Atlantic MDR
1949,7,28.239014,Gulf + Caribbean,25.793121,Atlantic MDR
1949,8,28.507816,Gulf + Caribbean,26.797087,Atlantic MDR
1949,9,28.59293,Gulf + Caribbean,27.151731,Atlantic MDR
1949,10,28.163961,Gulf + Caribbean,27.014267,Atlantic MDR
1949,11,27.00285,Gulf + Caribbean,26.121023,Atlantic MDR
1949,12,25.73068,Gulf + Caribbean,24.858406,Atlantic MDR
1950,1,24.858702,Gulf + Caribbean,23.529196,Atlantic MDR
1950,2,24.553791,Gulf + Caribbean,23.022501,Atlantic MDR
1950,3,24.525099,Gulf + Caribbean,23.067049,Atlantic MDR
1950,4,24.764662,Gulf + Caribbean,23.693668,Atlantic MDR
1950,5,26.09114,Gulf + Caribbean,24.158646,Atlantic MDR
1950,6,27.325068,Gulf + Caribbean,24.97526,Atlantic MDR
1950,7,28.026335,Gulf + Caribbean,25.515188,Atlantic MDR
1950,8,28.524769,Gulf + Caribbean,26.4661,Atlantic MDR
1950,9,28.66103,Gulf + Caribbean,26.909618,Atlantic MDR
1950,10,28.077784,Gulf + Caribbean,26.7858,Atlantic MDR
1950,11,26.952978,Gulf + Caribbean,26.282658,Atlantic MDR
1950,12,25.475359,Gulf + Caribbean,25.11639,Atlantic MDR
1951,1,24.485548,Gulf + Caribbean,24.067533,Atlantic MDR
1951,2,24.033161,Gulf + Caribbean,23.087072,Atlantic MDR
1951,3,24.211788,Gulf + Caribbean,23.366116,Atlantic MDR
1951,4,25.007744,Gulf + Caribbean,23.964195,Atlantic MDR
1951,5,26.5248,Gulf + Caribbean,24.544714,Atlantic MDR
1951,6,27.805166,Gulf + Caribbean,25.480566,Atlantic MDR
1951,7,28.523893,Gulf + Caribbean,26.402746,Atlantic MDR
1951,8,29.17072,Gulf + Caribbean,27.014585,Atlantic MDR
1951,9,29.076689,Gulf + Caribbean,27.218376,Atlantic MDR
1951,10,28.439095,Gulf + Caribbean,26.85237,Atlantic MDR
1951,11,27.329676,Gulf + Caribbean,26.168293,Atlantic MDR
1951,12,26.044117,Gulf + Caribbean,24.94506,Atlantic MDR
1952,1,25.12539,Gulf + Caribbean,23.637793,Atlantic MDR
1952,2,24.640392,Gulf + Caribbean,23.163334,Atlantic MDR
1952,3,24.90987,Gulf + Caribbean,23.533722,Atlantic MDR
1952,4,25.37948,Gulf + Caribbean,23.673641,Atlantic MDR
1952,5,26.661474,Gulf + Caribbean,24.62275,Atlantic MDR
1952,6,28.008495,Gulf + Caribbean,25.646547,Atlantic MDR
1952,7,28.600962,Gulf + Caribbean,26.137392,Atlantic MDR
1952,8,29.132517,Gulf + Caribbean,26.740822,Atlantic MDR
1952,9,29.052647,Gulf + Caribbean,27.16927,Atlantic MDR
1952,10,28.368567,Gulf + Caribbean,27.061949,Atlantic MDR
1952,11,27.069613,Gulf + Caribbean,26.38711,Atlantic MDR
1952,12,25.698118,Gulf + Caribbean,25.700891,Atlantic MDR
1953,1,24.704052,Gulf + Caribbean,24.398544,Atlantic MDR
1953,2,24.499033,Gulf + Caribbean,23.607517,Atlantic MDR
1953,3,24.734968,Gulf + Caribbean,23.29037,Atlantic MDR
1953,4,25.638103,Gulf + Caribbean,23.936775,Atlantic MDR
1953,5,26.905844,Gulf + Caribbean,24.533253,Atlantic MDR
1953,6,27.888103,Gulf + Caribbean,25.373072,Atlantic MDR
1953,7,28.627388,Gulf + Caribbean,26.038101,Atlantic MDR
1953,8,28.915064,Gulf + Caribbean,26.701927,Atlantic MDR
1953,9,28.909414,Gulf + Caribbean,27.100124,Atlantic MDR
1953,10,28.333635,Gulf + Caribbean,26.947287,Atlantic MDR
1953,11,27.276733,Gulf + Caribbean,26.37583,Atlantic MDR
1953,12,26.005714,Gulf + Caribbean,25.258093,Atlantic MDR
1954,1,25.20647,Gulf + Caribbean,23.934027,Atlantic MDR
1954,2,24.758766,Gulf + Caribbean,23.284395,Atlantic MDR
1954,3,24.877748,Gulf + Caribbean,23.108183,Atlantic MDR
1954,4,25.745802,Gulf + Caribbean,23.463501,Atlantic MDR
1954,5,26.826996,Gulf + Caribbean,24.45424,Atlantic MDR
1954,6,27.770521,Gulf + Caribbean,25.277533,Atlantic MDR
1954,7,28.573332,Gulf + Caribbean,25.609756,Atlantic MDR
1954,8,28.93775,Gulf + Caribbean,26.246897,Atlantic MDR
1954,9,28.896582,Gulf + Caribbean,26.560673,Atlantic MDR
1954,10,27.95467,Gulf + Caribbean,26.577126,Atlantic MDR
1954,11,26.833658,Gulf + Caribbean,25.903355,Atlantic MDR
1954,12,25.545225,Gulf + Caribbean,24.611717,Atlantic MDR
1955,1,24.857973,Gulf + Caribbean,23.917437,Atlantic MDR
1955,2,24.341217,Gulf + Caribbean,23.130987,Atlantic MDR
1955,3,24.615034,Gulf + Caribbean,23.169939,Atlantic MDR
1955,4,25.280321,Gulf + Caribbean,23.63545,Atlantic MDR
1955,5,26.572466,Gulf + Caribbean,24.350258,Atlantic MDR
1955,6,27.561998,Gulf + Caribbean,25.045506,Atlantic MDR
1955,7,28.26129,Gulf + Caribbean,26.103024,Atlantic MDR
1955,8,28.899414,Gulf + Caribbean,26.74963,Atlantic MDR
1955,9,28.829615,Gulf + Caribbean,27.206186,Atlantic MDR
1955,10,28.228636,Gulf + Caribbean,27.189316,Atlantic MDR
1955,11,27.11111,Gulf + Caribbean,26.8107,Atlantic MDR
1955,12,25.954805,Gulf + Caribbean,25.532558,Atlantic MDR
1956,1,24.769613,Gulf + Caribbean,24.679583,Atlantic MDR
1956,2,24.49936,Gulf + Caribbean,23.879753,Atlantic MDR
1956,3,24.627306,Gulf + Caribbean,23.528572,Atlantic MDR
1956,4,25.193207,Gulf + Caribbean,23.910496,Atlantic MDR
1956,5,26.529022,Gulf + Caribbean,24.101503,Atlantic MDR
1956,6,27.423485,Gulf + Caribbean,24.689648,Atlantic MDR
1956,7,28.179424,Gulf + Caribbean,25.537628,Atlantic MDR
1956,8,28.812164,Gulf + Caribbean,26.28207,Atlantic MDR
1956,9,28.692806,Gulf + Caribbean,26.642807,Atlantic MDR
1956,10,28.227758,Gulf + Caribbean,26.71269,Atlantic MDR
1956,11,27.029871,Gulf + Caribbean,25.963823,Atlantic MDR
1956,12,25.89532,Gulf + Caribbean,25.173141,Atlantic MDR
1957,1,25.102839,Gulf + Caribbean,23.524317,Atlantic MDR
1957,2,24.964155,Gulf + Caribbean,23.077644,Atlantic MDR
1957,3,24.97626,Gulf + Caribbean,23.141071,Atlantic MDR
1957,4,25.537771,Gulf + Caribbean,23.334682,Atlantic MDR
1957,5,26.741407,Gulf + Caribbean,23.917969,Atlantic MDR
1957,6,27.865988,Gulf + Caribbean,25.12563,Atlantic MDR
1957,7,28.567451,Gulf + Caribbean,25.932255,Atlantic MDR
1957,8,29.010126,Gulf + Caribbean,26.777575,Atlantic MDR
1957,9,29.126728,Gulf + Caribbean,27.136108,Atlantic MDR
1957,10,28.318014,Gulf + Caribbean,27.171263,Atlantic MDR
1957,11,27.121103,Gulf + Caribbean,26.41184,Atlantic MDR
1957,12,25.89171,Gulf + Caribbean,25.239197,Atlantic MDR
1958,1,24.91104,Gulf + Caribbean,24.169699,Atlantic MDR
1958,2,24.20258,Gulf + Caribbean,24.051413,Atlantic MDR
1958,3,24.628775,Gulf + Caribbean,24.377287,Atlantic MDR
1958,4,25.5125,Gulf + Caribbean,24.70639,Atlantic MDR
1958,5,26.871832,Gulf + Caribbean,24.961988,Atlantic MDR
1958,6,28.247885,Gulf + Caribbean,25.85707,Atlantic MDR
1958,7,28.678911,Gulf + Caribbean,26.255987,Atlantic MDR
1958,8,29.284166,Gulf + Caribbean,26.998186,Atlantic MDR
1958,9,29.183807,Gulf + Caribbean,27.307024,Atlantic MDR
1958,10,28.532051,Gulf + Caribbean,27.110592,Atlantic MDR
1958,11,27.492193,Gulf + Caribbean,26.42048,Atlantic MDR
1958,12,26.378117,Gulf + Caribbean,25.219816,Atlantic MDR
1959,1,25.183397,Gulf + Caribbean,24.237099,Atlantic MDR
1959,2,25.067272,Gulf + Caribbean,23.77625,Atlantic MDR
1959,3,24.975937,Gulf + Caribbean,23.359457,Atlantic MDR
1959,4,25.61439,Gulf + Caribbean,23.50446,Atlantic MDR
1959,5,26.661558,Gulf + Caribbean,24.084162,Atlantic MDR
1959,6,27.66777,Gulf + Caribbean,24.832909,Atlantic MDR
1959,7,28.524267,Gulf + Caribbean,25.643744,Atlantic MDR
1959,8,28.72297,Gulf + Caribbean,26.247126,Atlantic MDR
1959,9,28.937757,Gulf + Caribbean,26.896143,Atlantic MDR
1959,10,28.502003,Gulf + Caribbean,26.89313,Atlantic MDR
1959,11,27.376774,Gulf + Caribbean,26.189472,Atlantic MDR
1959,12,25.96122,Gulf + Caribbean,25.003977,Atlantic MDR
1960,1,25.479223,Gulf + Caribbean,23.911362,Atlantic MDR
1960,2,24.819937,Gulf + Caribbean,23.558313,Atlantic MDR
1960,3,24.700064,Gulf + Caribbean,23.634335,Atlantic MDR
1960,4,25.588142,Gulf + Caribbean,23.923704,Atlantic MDR
1960,5,26.990194,Gulf + Caribbean,24.44512,Atlantic MDR
1960,6,28.049618,Gulf + Caribbean,25.328512,Atlantic MDR
1960,7,28.866348,Gulf + Caribbean,25.940182,Atlantic MDR
1960,8,29.110193,Gulf + Caribbean,26.5409,Atlantic MDR
1960,9,28.964361,Gulf + Caribbean,26.867321,Atlantic MDR
1960,10,28.56284,Gulf + Caribbean,26.9569,Atlantic MDR
1960,11,27.60929,Gulf + Caribbean,26.391348,Atlantic MDR
1960,12,26.020834,Gulf + Caribbean,25.088646,Atlantic MDR
1961,1,25.024614,Gulf + Caribbean,24.202415,Atlantic MDR
1961,2,24.829033,Gulf + Caribbean,23.457083,Atlantic MDR
1961,3,25.195679,Gulf + Caribbean,23.503103,Atlantic MDR
1961,4,25.596321,Gulf + Caribbean,24.065117,Atlantic MDR
1961,5,26.734873,Gulf + Caribbean,24.621544,Atlantic MDR
1961,6,27.667305,Gulf + Caribbean,25.084358,Atlantic MDR
1961,7,28.485386,Gulf + Caribbean,25.890059,Atlantic MDR
1961,8,28.867662,Gulf + Caribbean,26.705729,Atlantic MDR
1961,9,28.780903,Gulf + Caribbean,27.00744,Atlantic MDR
1961,10,28.097742,Gulf + Caribbean,26.775145,Atlantic MDR
1961,11,27.148848,Gulf + Caribbean,26.146177,Atlantic MDR
1961,12,26.09548,Gulf + Caribbean,25.331694,Atlantic MDR
1962,1,25.110193,Gulf + Caribbean,24.24393,Atlantic MDR
1962,2,24.891962,Gulf + Caribbean,23.520628,Atlantic MDR
1962,3,24.860975,Gulf + Caribbean,23.781553,Atlantic MDR
1962,4,25.337843,Gulf + Caribbean,23.936071,Atlantic MDR
1962,5,26.546732,Gulf + Caribbean,24.677633,Atlantic MDR
1962,6,27.729809,Gulf + Caribbean,25.152056,Atlantic MDR
1962,7,28.73155,Gulf + Caribbean,26.08799,Atlantic MDR
1962,8,29.203938,Gulf + Caribbean,26.683748,Atlantic MDR
1962,9,29.149937,Gulf + Caribbean,27.1056,Atlantic MDR
1962,10,28.592178,Gulf + Caribbean,26.88294,Atlantic MDR
1962,11,26.994165,Gulf + Caribbean,26.442657,Atlantic MDR
1962,12,25.883871,Gulf + Caribbean,25.56029,Atlantic MDR
1963,1,24.917114,Gulf + Caribbean,24.554882,Atlantic MDR
1963,2,24.634935,Gulf + Caribbean,23.896824,Atlantic MDR
1963,3,24.99331,Gulf + Caribbean,23.589767,Atlantic MDR
1963,4,25.580584,Gulf + Caribbean,24.16423,Atlantic MDR
1963,5,26.620707,Gulf + Caribbean,24.345316,Atlantic MDR
1963,6,27.805292,Gulf + Caribbean,25.242176,Atlantic MDR
1963,7,28.417738,Gulf + Caribbean,25.97376,Atlantic MDR
1963,8,29.110258,Gulf + Caribbean,26.578,Atlantic MDR
1963,9,29.133808,Gulf + Caribbean,26.843472,Atlantic MDR
1963,10,28.270386,Gulf + Caribbean,26.833124,Atlantic MDR
1963,11,27.081675,Gulf + Caribbean,26.271772,Atlantic MDR
1963,12,25.756884,Gulf + Caribbean,25.229826,Atlantic MDR
1964,1,24.793312,Gulf + Caribbean,24.1624,Atlantic MDR
1964,2,24.39372,Gulf + Caribbean,23.80474,Atlantic MDR
1964,3,24.747822,Gulf + Caribbean,23.68817,Atlantic MDR
1964,4,25.558258,Gulf + Caribbean,23.583548,Atlantic MDR
1964,5,26.874193,Gulf + Caribbean,24.482801,Atlantic MDR
1964,6,27.936518,Gulf + Caribbean,25.228693,Atlantic MDR
1964,7,28.471592,Gulf + Caribbean,25.799543,Atlantic MDR
1964,8,28.885836,Gulf + Caribbean,26.415747,Atlantic MDR
1964,9,28.809038,Gulf + Caribbean,26.74615,Atlantic MDR
1964,10,28.013483,Gulf + Caribbean,26.712755,Atlantic MDR
1964,11,26.876879,Gulf + Caribbean,26.165852,Atlantic MDR
1964,12,25.701159,Gulf + Caribbean,24.9,Atlantic MDR
1965,1,24.86542,Gulf + Caribbean,23.656067,Atlantic MDR
1965,2,24.372293,Gulf + Caribbean,23.20587,Atlantic MDR
1965,3,24.395807,Gulf + Caribbean,23.408068,Atlantic MDR
1965,4,25.48814,Gulf + Caribbean,23.595228,Atlantic MDR
1965,5,26.407564,Gulf + Caribbean,24.176245,Atlantic MDR
1965,6,27.465223,Gulf + Caribbean,24.995087,Atlantic MDR
1965,7,28.199036,Gulf + Caribbean,25.569096,Atlantic MDR
1965,8,28.57404,Gulf + Caribbean,26.238256,Atlantic MDR
1965,9,28.5821,Gulf + Caribbean,26.923275,Atlantic MDR
1965,10,28.165384,Gulf + Caribbean,26.811968,Atlantic MDR
1965,11,27.08368,Gulf + Caribbean,26.200798,Atlantic MDR
1965,12,25.99077,Gulf + Caribbean,25.235003,Atlantic MDR
1966,1,24.876797,Gulf + Caribbean,24.062483,Atlantic MDR
1966,2,24.344488,Gulf + Caribbean,23.919323,Atlantic MDR
1966,3,24.376179,Gulf + Caribbean,23.882135,Atlantic MDR
1966,4,25.122995,Gulf + Caribbean,24.381193,Atlantic MDR
1966,5,26.385448,Gulf + Caribbean,24.681429,Atlantic MDR
1966,6,27.547384,Gulf + Caribbean,25.282125,Atlantic MDR
1966,7,28.386776,Gulf + Caribbean,25.892971,Atlantic MDR
1966,8,28.790064,Gulf + Caribbean,26.379889,Atlantic MDR
1966,9,28.835924,Gulf + Caribbean,26.970282,Atlantic MDR
1966,10,28.343628,Gulf + Caribbean,26.912766,Atlantic MDR
1966,11,26.94503,Gulf + Caribbean,26.565336,Atlantic MDR
1966,12,25.728588,Gulf + Caribbean,25.344889,Atlantic MDR
1967,1,24.666603,Gulf + Caribbean,24.153732,Atlantic MDR
1967,2,24.488726,Gulf + Caribbean,23.456593,Atlantic MDR
1967,3,24.583122,Gulf + Caribbean,23.333708,Atlantic MDR
1967,4,25.483757,Gulf + Caribbean,23.773502,Atlantic MDR
1967,5,26.32847,Gulf + Caribbean,24.0909,Atlantic MDR
1967,6,27.569809,Gulf + Caribbean,24.867168,Atlantic MDR
1967,7,28.258196,Gulf + Caribbean,25.588549,Atlantic MDR
1967,8,28.5014,Gulf + Caribbean,26.324497,Atlantic MDR
1967,9,28.620707,Gulf + Caribbean,26.833574,Atlantic MDR
1967,10,27.97471,Gulf + Caribbean,26.672623,Atlantic MDR
1967,11,26.791529,Gulf + Caribbean,25.871124,Atlantic MDR
1967,12,25.913162,Gulf + Caribbean,24.724056,Atlantic MDR
1968,1,24.846668,Gulf + Caribbean,23.718077,Atlantic MDR
1968,2,24.144266,Gulf + Caribbean,23.313856,Atlantic MDR
1968,3,24.170513,Gulf + Caribbean,23.463259,Atlantic MDR
1968,4,24.995987,Gulf + Caribbean,23.797054,Atlantic MDR
1968,5,26.458652,Gulf + Caribbean,24.251854,Atlantic MDR
1968,6,27.69433,Gulf + Caribbean,24.861958,Atlantic MDR
1968,7,28.34378,Gulf + Caribbean,25.61582,Atlantic MDR
1968,8,28.957836,Gulf + Caribbean,26.354633,Atlantic MDR
1968,9,29.005259,Gulf + Caribbean,26.888874,Atlantic MDR
1968,10,28.30223,Gulf + Caribbean,26.99497,Atlantic MDR
1968,11,26.959293,Gulf + Caribbean,26.473959,Atlantic MDR
1968,12,25.860714,Gulf + Caribbean,25.382055,Atlantic MDR
1969,1,24.68058,Gulf + Caribbean,24.461237,Atlantic MDR
1969,2,24.25643,Gulf + Caribbean,24.198992,Atlantic MDR
1969,3,24.225456,Gulf + Caribbean,24.572866,Atlantic MDR
1969,4,25.808702,Gulf + Caribbean,24.504213,Atlantic MDR
1969,5,27.046368,Gulf + Caribbean,24.81525,Atlantic MDR
1969,6,28.474745,Gulf + Caribbean,25.251516,Atlantic MDR
1969,7,29.080456,Gulf + Caribbean,26.112293,Atlantic MDR
1969,8,29.162323,Gulf + Caribbean,26.682472,Atlantic MDR
1969,9,29.012512,Gulf + Caribbean,27.125141,Atlantic MDR
1969,10,28.417936,Gulf + Caribbean,26.915585,Atlantic MDR
1969,11,27.051344,Gulf + Caribbean,26.573786,Atlantic MDR
1969,12,25.691181,Gulf + Caribbean,25.41899,Atlantic MDR
1970,1,24.551308,Gulf + Caribbean,24.64842,Atlantic MDR
1970,2,24.14242,Gulf + Caribbean,24.006235,Atlantic MDR
1970,3,24.32846,Gulf + Caribbean,24.135256,Atlantic MDR
1970,4,25.495453,Gulf + Caribbean,24.382526,Atlantic MDR
1970,5,26.461699,Gulf + Caribbean,24.854471,Atlantic MDR
1970,6,27.590961,Gulf + Caribbean,25.372583,Atlantic MDR
1970,7,28.380514,Gulf + Caribbean,25.726723,Atlantic MDR
1970,8,28.701475,Gulf + Caribbean,26.361853,Atlantic MDR
1970,9,28.81187,Gulf + Caribbean,26.839554,Atlantic MDR
1970,10,28.15761,Gulf + Caribbean,26.767485,Atlantic MDR
1970,11,26.83154,Gulf + Caribbean,26.09866,Atlantic MDR
1970,12,25.550903,Gulf + Caribbean,25.144749,Atlantic MDR
1971,1,24.82344,Gulf + Caribbean,24.164326,Atlantic MDR
1971,2,24.453613,Gulf + Caribbean,23.39365,Atlantic MDR
1971,3,24.550892,Gulf + Caribbean,23.280844,Atlantic MDR
1971,4,24.984999,Gulf + Caribbean,23.393541,Atlantic MDR
1971,5,26.413675,Gulf + Caribbean,23.894718,Atlantic MDR
1971,6,27.73174,Gulf + Caribbean,24.479662,Atlantic MDR
1971,7,28.295034,Gulf + Caribbean,25.348436,Atlantic MDR
1971,8,28.620192,Gulf + Caribbean,26.085777,Atlantic MDR
1971,9,28.580763,Gulf + Caribbean,26.673784,Atlantic MDR
1971,10,28.140768,Gulf + Caribbean,26.813072,Atlantic MDR
1971,11,27.02261,Gulf + Caribbean,26.22553,Atlantic MDR
1971,12,26.033655,Gulf + Caribbean,24.768438,Atlantic MDR
1972,1,25.126793,Gulf + Caribbean,23.763617,Atlantic MDR
1972,2,24.562128,Gulf + Caribbean,23.19955,Atlantic MDR
1972,3,24.878279,Gulf + Caribbean,22.915112,Atlantic MDR
1972,4,25.624296,Gulf + Caribbean,23.443853,Atlantic MDR
1972,5,26.482597,Gulf + Caribbean,23.687193,Atlantic MDR
1972,6,27.310778,Gulf + Caribbean,24.588158,Atlantic MDR
1972,7,28.095936,Gulf + Caribbean,25.33354,Atlantic MDR
1972,8,28.446283,Gulf + Caribbean,26.018639,Atlantic MDR
1972,9,28.611732,Gulf + Caribbean,26.531467,Atlantic MDR
1972,10,28.254002,Gulf + Caribbean,26.798042,Atlantic MDR
1972,11,27.294102,Gulf + Caribbean,26.017778,Atlantic MDR
1972,12,26.242865,Gulf + Caribbean,24.746311,Atlantic MDR
1973,1,25.166052,Gulf + Caribbean,23.74191,Atlantic MDR
1973,2,24.425922,Gulf + Caribbean,23.204077,Atlantic MDR
1973,3,24.965612,Gulf + Caribbean,23.140055,Atlantic MDR
1973,4,25.341974,Gulf + Caribbean,23.700672,Atlantic MDR
1973,5,26.56955,Gulf + Caribbean,24.304134,Atlantic MDR
1973,6,27.854586,Gulf + Caribbean,24.95799,Atlantic MDR
1973,7,28.574903,Gulf + Caribbean,25.695505,Atlantic MDR
1973,8,28.713398,Gulf + Caribbean,26.146055,Atlantic MDR
1973,9,28.811209,Gulf + Caribbean,26.652514,Atlantic MDR
1973,10,28.155924,Gulf + Caribbean,26.468876,Atlantic MDR
1973,11,27.088505,Gulf + Caribbean,25.858885,Atlantic MDR
1973,12,25.497452,Gulf + Caribbean,24.934607,Atlantic MDR
1974,1,24.92391,Gulf + Caribbean,23.708668,Atlantic MDR
1974,2,24.495962,Gulf + Caribbean,22.857264,Atlantic MDR
1974,3,24.720127,Gulf + Caribbean,22.668669,Atlantic MDR
1974,4,25.319872,Gulf + Caribbean,22.66191,Atlantic MDR
1974,5,26.245222,Gulf + Caribbean,23.571507,Atlantic MDR
1974,6,27.470573,Gulf + Caribbean,24.636667,Atlantic MDR
1974,7,28.108217,Gulf + Caribbean,25.33134,Atlantic MDR
1974,8,28.499172,Gulf + Caribbean,26.046259,Atlantic MDR
1974,9,28.43726,Gulf + Caribbean,26.414124,Atlantic MDR
1974,10,27.691849,Gulf + Caribbean,26.33545,Atlantic MDR
1974,11,26.70471,Gulf + Caribbean,25.636496,Atlantic MDR
1974,12,25.394333,Gulf + Caribbean,24.606647,Atlantic MDR
1975,1,24.787006,Gulf + Caribbean,23.751064,Atlantic MDR
1975,2,24.597582,Gulf + Caribbean,23.081284,Atlantic MDR
1975,3,24.892994,Gulf + Caribbean,22.947853,Atlantic MDR
1975,4,25.433058,Gulf + Caribbean,23.434124,Atlantic MDR
1975,5,26.664936,Gulf + Caribbean,23.698324,Atlantic MDR
1975,6,27.766348,Gulf + Caribbean,24.82905,Atlantic MDR
1975,7,28.304333,Gulf + Caribbean,25.608494,Atlantic MDR
1975,8,28.665287,Gulf + Caribbean,26.438372,Atlantic MDR
1975,9,28.596052,Gulf + Caribbean,26.82246,Atlantic MDR
1975,10,27.851912,Gulf + Caribbean,26.501286,Atlantic MDR
1975,11,26.86363,Gulf + Caribbean,25.722473,Atlantic MDR
1975,12,25.424011,Gulf + Caribbean,24.742167,Atlantic MDR
1976,1,24.36577,Gulf + Caribbean,23.703074,Atlantic MDR
1976,2,23.881338,Gulf + Caribbean,22.882023,Atlantic MDR
1976,3,24.352867,Gulf + Caribbean,22.723242,Atlantic MDR
1976,4,25.119808,Gulf + Caribbean,23.180779,Atlantic MDR
1976,5,26.3086,Gulf + Caribbean,23.63944,Atlantic MDR
1976,6,27.236732,Gulf + Caribbean,24.60545,Atlantic MDR
1976,7,27.919552,Gulf + Caribbean,25.681402,Atlantic MDR
1976,8,28.530066,Gulf + Caribbean,26.984056,Atlantic MDR
1976,9,28.592194,Gulf + Caribbean,27.34725,Atlantic MDR
1976,10,28.071476,Gulf + Caribbean,27.232708,Atlantic MDR
1976,11,26.695797,Gulf + Caribbean,26.26955,Atlantic MDR
1976,12,25.617245,Gulf + Caribbean,24.870111,Atlantic MDR
1977,1,24.50688,Gulf + Caribbean,23.910957,Atlantic MDR
1977,2,24.295544,Gulf + Caribbean,23.28277,Atlantic MDR
1977,3,24.722517,Gulf + Caribbean,23.356571,Atlantic MDR
1977,4,25.446882,Gulf + Caribbean,23.732979,Atlantic MDR
1977,5,26.354778,Gulf + Caribbean,24.26326,Atlantic MDR
1977,6,27.73929,Gulf + Caribbean,25.213146,Atlantic MDR
1977,7,28.469423,Gulf + Caribbean,25.720745,Atlantic MDR
1977,8,28.774326,Gulf + Caribbean,26.282753,Atlantic MDR
1977,9,28.745287,Gulf + Caribbean,26.72211,Atlantic MDR
1977,10,28.084183,Gulf + Caribbean,26.701843,Atlantic MDR
1977,11,27.189999,Gulf + Caribbean,25.995417,Atlantic MDR
1977,12,25.972467,Gulf + Caribbean,24.973219,Atlantic MDR
1978,1,24.81688,Gulf + Caribbean,24.14561,Atlantic MDR
1978,2,24.233465,Gulf + Caribbean,23.744606,Atlantic MDR
1978,3,24.477869,Gulf + Caribbean,23.69472,Atlantic MDR
1978,4,25.37532,Gulf + Caribbean,24.028023,Atlantic MDR
1978,5,26.893549,Gulf + Caribbean,24.384777,Atlantic MDR
1978,6,28.03781,Gulf + Caribbean,25.018976,Atlantic MDR
1978,7,28.627071,Gulf + Caribbean,25.481958,Atlantic MDR
1978,8,28.778395,Gulf + Caribbean,26.322292,Atlantic MDR
1978,9,28.817389,Gulf + Caribbean,26.830725,Atlantic MDR
1978,10,28.129038,Gulf + Caribbean,27.022963,Atlantic MDR
1978,11,27.14641,Gulf + Caribbean,26.451122,Atlantic MDR
1978,12,26.105223,Gulf + Caribbean,25.226215,Atlantic MDR
1979,1,24.828268,Gulf + Caribbean,24.331062,Atlantic MDR
1979,2,24.43974,Gulf + Caribbean,23.95472,Atlantic MDR
1979,3,24.468,Gulf + Caribbean,23.631618,Atlantic MDR
1979,4,25.283016,Gulf + Caribbean,24.091852,Atlantic MDR
1979,5,26.536001,Gulf + Caribbean,24.787346,Atlantic MDR
1979,6,27.790585,Gulf + Caribbean,25.507711,Atlantic MDR
1979,7,28.52554,Gulf + Caribbean,26.078144,Atlantic MDR
1979,8,28.804739,Gulf + Caribbean,26.55648,Atlantic MDR
1979,9,28.602055,Gulf + Caribbean,27.092178,Atlantic MDR
1979,10,28.172272,Gulf + Caribbean,27.021854,Atlantic MDR
1979,11,27.017597,Gulf + Caribbean,26.339611,Atlantic MDR
1979,12,25.885843,Gulf + Caribbean,25.322666,Atlantic MDR
1980,1,24.948904,Gulf + Caribbean,24.478418,Atlantic MDR
1980,2,24.649347,Gulf + Caribbean,23.913147,Atlantic MDR
1980,3,24.734156,Gulf + Caribbean,23.690392,Atlantic MDR
1980,4,25.457834,Gulf + Caribbean,24.338367,Atlantic MDR
1980,5,26.854454,Gulf + Caribbean,25.181742,Atlantic MDR
1980,6,27.973783,Gulf + Caribbean,25.716368,Atlantic MDR
1980,7,28.80637,Gulf + Caribbean,26.015417,Atlantic MDR
1980,8,28.847582,Gulf + Caribbean,26.79447,Atlantic MDR
1980,9,28.935226,Gulf + Caribbean,27.292625,Atlantic MDR
1980,10,28.411463,Gulf + Caribbean,27.043594,Atlantic MDR
1980,11,27.236385,Gulf + Caribbean,26.33866,Atlantic MDR
1980,12,25.810446,Gulf + Caribbean,25.2075,Atlantic MDR
1981,1,24.680063,Gulf + Caribbean,24.374493,Atlantic MDR
1981,2,24.433098,Gulf + Caribbean,23.642248,Atlantic MDR
1981,3,24.627115,Gulf + Caribbean,24.145306,Atlantic MDR
1981,4,25.48006,Gulf + Caribbean,24.084723,Atlantic MDR
1981,5,26.8413,Gulf + Caribbean,24.763113,Atlantic MDR
1981,6,28.063074,Gulf + Caribbean,25.541122,Atlantic MDR
1981,7,28.766582,Gulf + Caribbean,26.179943,Atlantic MDR
1981,8,28.930387,Gulf + Caribbean,26.664888,Atlantic MDR
1981,9,29.014103,Gulf + Caribbean,27.074135,Atlantic MDR
1981,10,28.291485,Gulf + Caribbean,26.942091,Atlantic MDR
1981,11,27.03545,Gulf + Caribbean,26.381647,Atlantic MDR
1981,12,25.901283,Gulf + Caribbean,25.564886,Atlantic MDR
1982,1,25.004967,Gulf + Caribbean,24.297112,Atlantic MDR
1982,2,24.931175,Gulf + Caribbean,23.606688,Atlantic MDR
1982,3,25.113005,Gulf + Caribbean,23.496405,Atlantic MDR
1982,4,25.840698,Gulf + Caribbean,23.691006,Atlantic MDR
1982,5,26.531094,Gulf + Caribbean,24.505644,Atlantic MDR
1982,6,27.80552,Gulf + Caribbean,25.346308,Atlantic MDR
1982,7,28.497906,Gulf + Caribbean,25.892485,Atlantic MDR
1982,8,28.756,Gulf + Caribbean,26.415901,Atlantic MDR
1982,9,28.712858,Gulf + Caribbean,26.898758,Atlantic MDR
1982,10,28.16562,Gulf + Caribbean,26.66798,Atlantic MDR
1982,11,26.947353,Gulf + Caribbean,25.86163,Atlantic MDR
1982,12,25.848331,Gulf + Caribbean,24.6881,Atlantic MDR
1983,1,25.064259,Gulf + Caribbean,23.807344,Atlantic MDR
1983,2,24.634102,Gulf + Caribbean,23.51649,Atlantic MDR
1983,3,24.828289,Gulf + Caribbean,23.95943,Atlantic MDR
1983,4,25.217615,Gulf + Caribbean,24.297102,Atlantic MDR
1983,5,26.601559,Gulf + Caribbean,24.623766,Atlantic MDR
1983,6,27.963526,Gulf + Caribbean,25.493353,Atlantic MDR
1983,7,28.548,Gulf + Caribbean,26.04754,Atlantic MDR
1983,8,28.861397,Gulf + Caribbean,26.531237,Atlantic MDR
1983,9,28.73045,Gulf + Caribbean,27.024147,Atlantic MDR
1983,10,28.328888,Gulf + Caribbean,26.864525,Atlantic MDR
1983,11,27.210257,Gulf + Caribbean,26.417767,Atlantic MDR
1983,12,26.27787,Gulf + Caribbean,25.450455,Atlantic MDR
1984,1,25.228355,Gulf + Caribbean,24.097988,Atlantic MDR
1984,2,24.701998,Gulf + Caribbean,23.477488,Atlantic MDR
1984,3,24.703007,Gulf + Caribbean,23.38399,Atlantic MDR
1984,4,25.349089,Gulf + Caribbean,23.66989,Atlantic MDR
1984,5,26.424772,Gulf + Caribbean,24.408316,Atlantic MDR
1984,6,27.28955,Gulf + Caribbean,24.90354,Atlantic MDR
1984,7,28.070448,Gulf + Caribbean,25.52375,Atlantic MDR
1984,8,28.296473,Gulf + Caribbean,26.209373,Atlantic MDR
1984,9,28.32374,Gulf + Caribbean,26.737709,Atlantic MDR
1984,10,27.78766,Gulf + Caribbean,26.591942,Atlantic MDR
1984,11,26.50845,Gulf + Caribbean,25.789268,Atlantic MDR
1984,12,25.661047,Gulf + Caribbean,24.77573,Atlantic MDR
1985,1,24.52487,Gulf + Caribbean,23.749046,Atlantic MDR
1985,2,24.181456,Gulf + Caribbean,23.317873,Atlantic MDR
1985,3,24.73643,Gulf + Caribbean,23.010113,Atlantic MDR
1985,4,25.31306,Gulf + Caribbean,23.340563,Atlantic MDR
1985,5,26.713987,Gulf + Caribbean,23.887527,Atlantic MDR
1985,6,27.891098,Gulf + Caribbean,25.351145,Atlantic MDR
1985,7,28.409292,Gulf + Caribbean,26.030224,Atlantic MDR
1985,8,28.7326,Gulf + Caribbean,26.604342,Atlantic MDR
1985,9,28.602564,Gulf + Caribbean,26.931696,Atlantic MDR
1985,10,27.958847,Gulf + Caribbean,26.886124,Atlantic MDR
1985,11,26.965656,Gulf + Caribbean,26.225643,Atlantic MDR
1985,12,25.686451,Gulf + Caribbean,25.065697,Atlantic MDR
1986,1,24.827034,Gulf + Caribbean,23.603035,Atlantic MDR
1986,2,24.608,Gulf + Caribbean,23.103575,Atlantic MDR
1986,3,24.592518,Gulf + Caribbean,22.962702,Atlantic MDR
1986,4,25.216755,Gulf + Caribbean,23.329943,Atlantic MDR
1986,5,26.481054,Gulf + Caribbean,24.024494,Atlantic MDR
1986,6,27.637032,Gulf + Caribbean,24.869057,Atlantic MDR
1986,7,28.379803,Gulf + Caribbean,25.619831,Atlantic MDR
1986,8,28.59129,Gulf + Caribbean,26.393465,Atlantic MDR
1986,9,28.40359,Gulf + Caribbean,27.022472,Atlantic MDR
1986,10,28.0298,Gulf + Caribbean,26.862024,Atlantic MDR
1986,11,27.15732,Gulf + Caribbean,25.926046,Atlantic MDR
1986,12,26.10155,Gulf + Caribbean,24.507135,Atlantic MDR
1987,1,25.01716,Gulf + Caribbean,23.788437,Atlantic MDR
1987,2,24.645563,Gulf + Caribbean,23.420841,Atlantic MDR
1987,3,24.664934,Gulf + Caribbean,23.814192,Atlantic MDR
1987,4,25.234934,Gulf + Caribbean,24.24463,Atlantic MDR
1987,5,26.688208,Gulf + Caribbean,24.917135,Atlantic MDR
1987,6,27.917728,Gulf + Caribbean,25.92193,Atlantic MDR
1987,7,28.753721,Gulf + Caribbean,26.331009,Atlantic MDR
1987,8,29.171373,Gulf + Caribbean,27.132103,Atlantic MDR
1987,9,29.222809,Gulf + Caribbean,27.49324,Atlantic MDR
1987,10,28.20673,Gulf + Caribbean,27.42715,Atlantic MDR
1987,11,27.107838,Gulf + Caribbean,26.632446,Atlantic MDR
1987,12,26.105713,Gulf + Caribbean,25.732641,Atlantic MDR
1988,1,24.890646,Gulf + Caribbean,24.3209,Atlantic MDR
1988,2,24.301163,Gulf + Caribbean,23.577768,Atlantic MDR
1988,3,24.572517,Gulf + Caribbean,23.722977,Atlantic MDR
1988,4,25.273634,Gulf + Caribbean,24.26034,Atlantic MDR
1988,5,26.497387,Gulf + Caribbean,24.78181,Atlantic MDR
1988,6,27.809547,Gulf + Caribbean,25.567093,Atlantic MDR
1988,7,28.550512,Gulf + Caribbean,26.178034,Atlantic MDR
1988,8,28.81555,Gulf + Caribbean,26.56226,Atlantic MDR
1988,9,28.51777,Gulf + Caribbean,27.070904,Atlantic MDR
1988,10,27.82344,Gulf + Caribbean,26.85391,Atlantic MDR
1988,11,27.080507,Gulf + Caribbean,26.136278,Atlantic MDR
1988,12,25.744934,Gulf + Caribbean,25.078426,Atlantic MDR
1989,1,25.112337,Gulf + Caribbean,23.93799,Atlantic MDR
1989,2,24.676014,Gulf + Caribbean,23.24307,Atlantic MDR
1989,3,24.608534,Gulf + Caribbean,23.053108,Atlantic MDR
1989,4,25.4417,Gulf + Caribbean,23.061243,Atlantic MDR
1989,5,26.607052,Gulf + Caribbean,24.009832,Atlantic MDR
1989,6,27.572306,Gulf + Caribbean,25.172695,Atlantic MDR
1989,7,28.397305,Gulf + Caribbean,26.29161,Atlantic MDR
1989,8,28.83622,Gulf + Caribbean,27.181955,Atlantic MDR
1989,9,28.885448,Gulf + Caribbean,27.080456,Atlantic MDR
1989,10,27.99121,Gulf + Caribbean,27.080952,Atlantic MDR
1989,11,27.104841,Gulf + Caribbean,26.2785,Atlantic MDR
1989,12,25.854643,Gulf + Caribbean,25.579664,Atlantic MDR
1990,1,25.05497,Gulf + Caribbean,24.119776,Atlantic MDR
1990,2,24.7616,Gulf + Caribbean,23.681543,Atlantic MDR
1990,3,24.889032,Gulf + Caribbean,23.644775,Atlantic MDR
1990,4,25.511301,Gulf + Caribbean,24.104662,Atlantic MDR
1990,5,26.667885,Gulf + Caribbean,24.769377,Atlantic MDR
1990,6,27.81379,Gulf + Caribbean,25.259089,Atlantic MDR
1990,7,28.338013,Gulf + Caribbean,26.013899,Atlantic MDR
1990,8,28.915606,Gulf + Caribbean,27.019032,Atlantic MDR
1990,9,29.101732,Gulf + Caribbean,27.473448,Atlantic MDR
1990,10,28.427948,Gulf + Caribbean,27.362999,Atlantic MDR
1990,11,27.090776,Gulf + Caribbean,26.604128,Atlantic MDR
1990,12,25.898207,Gulf + Caribbean,25.295876,Atlantic MDR
1991,1,25.15071,Gulf + Caribbean,24.189606,Atlantic MDR
1991,2,24.548143,Gulf + Caribbean,23.740223,Atlantic MDR
1991,3,24.873613,Gulf + Caribbean,23.376207,Atlantic MDR
1991,4,25.71071,Gulf + Caribbean,23.609034,Atlantic MDR
1991,5,26.886217,Gulf + Caribbean,24.192831,Atlantic MDR
1991,6,27.784052,Gulf + Caribbean,24.993141,Atlantic MDR
1991,7,28.498335,Gulf + Caribbean,25.713737,Atlantic MDR
1991,8,28.938139,Gulf + Caribbean,26.467047,Atlantic MDR
1991,9,28.755604,Gulf + Caribbean,27.292036,Atlantic MDR
1991,10,28.085321,Gulf + Caribbean,26.99444,Atlantic MDR
1991,11,26.72173,Gulf + Caribbean,26.20943,Atlantic MDR
1991,12,25.689089,Gulf + Caribbean,25.200123,Atlantic MDR
1992,1,24.782963,Gulf + Caribbean,24.23731,Atlantic MDR
1992,2,24.4421,Gulf + Caribbean,23.562178,Atlantic MDR
1992,3,24.748726,Gulf + Caribbean,23.483932,Atlantic MDR
1992,4,25.40826,Gulf + Caribbean,23.613655,Atlantic MDR
1992,5,26.050573,Gulf + Caribbean,24.226973,Atlantic MDR
1992,6,27.710794,Gulf + Caribbean,25.102373,Atlantic MDR
1992,7,28.38797,Gulf + Caribbean,26.20362,Atlantic MDR
1992,8,28.615322,Gulf + Caribbean,26.540628,Atlantic MDR
1992,9,28.602627,Gulf + Caribbean,27.009302,Atlantic MDR
1992,10,27.846191,Gulf + Caribbean,26.827347,Atlantic MDR
1992,11,26.894417,Gulf + Caribbean,26.057686,Atlantic MDR
1992,12,25.808258,Gulf + Caribbean,24.90423,Atlantic MDR
1993,1,25.272867,Gulf + Caribbean,24.006779,Atlantic MDR
1993,2,24.694868,Gulf + Caribbean,23.37925,Atlantic MDR
1993,3,24.497189,Gulf + Caribbean,23.366137,Atlantic MDR
1993,4,25.263268,Gulf + Caribbean,23.88063,Atlantic MDR
1993,5,26.259548,Gulf + Caribbean,24.438595,Atlantic MDR
1993,6,27.694645,Gulf + Caribbean,25.433565,Atlantic MDR
1993,7,28.447792,Gulf + Caribbean,25.911436,Atlantic MDR
1993,8,28.772749,Gulf + Caribbean,26.475029,Atlantic MDR
1993,9,28.804682,Gulf + Caribbean,26.991285,Atlantic MDR
1993,10,28.107485,Gulf + Caribbean,26.851852,Atlantic MDR
1993,11,26.955097,Gulf + Caribbean,26.018353,Atlantic MDR
1993,12,25.82916,Gulf + Caribbean,24.729433,Atlantic MDR
1994,1,24.769548,Gulf + Caribbean,23.585402,Atlantic MDR
1994,2,24.667793,Gulf + Caribbean,23.05438,Atlantic MDR
1994,3,24.808561,Gulf + Caribbean,23.02841,Atlantic MDR
1994,4,25.682821,Gulf + Caribbean,23.592987,Atlantic MDR
1994,5,26.986557,Gulf + Caribbean,24.021141,Atlantic MDR
1994,6,27.856987,Gulf + Caribbean,24.89347,Atlantic MDR
1994,7,28.274206,Gulf + Caribbean,25.648813,Atlantic MDR
1994,8,28.491098,Gulf + Caribbean,26.345058,Atlantic MDR
1994,9,28.528837,Gulf + Caribbean,26.650002,Atlantic MDR
1994,10,28.003143,Gulf + Caribbean,26.878103,Atlantic MDR
1994,11,27.271418,Gulf + Caribbean,26.294378,Atlantic MDR
1994,12,26.138298,Gulf + Caribbean,24.978231,Atlantic MDR
1995,1,24.980904,Gulf + Caribbean,24.03339,Atlantic MDR
1995,2,24.672451,Gulf + Caribbean,23.463879,Atlantic MDR
1995,3,24.977692,Gulf + Caribbean,23.51526,Atlantic MDR
1995,4,25.789215,Gulf + Caribbean,24.088598,Atlantic MDR
1995,5,27.133871,Gulf + Caribbean,25.088722,Atlantic MDR
1995,6,28.122484,Gulf + Caribbean,25.805656,Atlantic MDR
1995,7,28.737309,Gulf + Caribbean,26.720741,Atlantic MDR
1995,8,28.994413,Gulf + Caribbean,27.45193,Atlantic MDR
1995,9,29.127134,Gulf + Caribbean,27.54414,Atlantic MDR
1995,10,28.292515,Gulf + Caribbean,27.479597,Atlantic MDR
1995,11,26.998463,Gulf + Caribbean,26.855932,Atlantic MDR
1995,12,26.10104,Gulf + Caribbean,25.559196,Atlantic MDR
1996,1,24.788248,Gulf + Caribbean,24.719086,Atlantic MDR
1996,2,24.496029,Gulf + Caribbean,23.928354,Atlantic MDR
1996,3,24.48097,Gulf + Caribbean,23.723942,Atlantic MDR
1996,4,25.076942,Gulf + Caribbean,24.208012,Atlantic MDR
1996,5,26.44045,Gulf + Caribbean,24.725407,Atlantic MDR
1996,6,27.74409,Gulf + Caribbean,25.441092,Atlantic MDR
1996,7,28.331112,Gulf + Caribbean,26.131256,Atlantic MDR
1996,8,28.567759,Gulf + Caribbean,26.812635,Atlantic MDR
1996,9,28.743334,Gulf + Caribbean,27.079714,Atlantic MDR
1996,10,27.859804,Gulf + Caribbean,27.051592,Atlantic MDR
1996,11,26.801476,Gulf + Caribbean,26.280523,Atlantic MDR
1996,12,25.533312,Gulf + Caribbean,25.310463,Atlantic MDR
1997,1,24.83705,Gulf + Caribbean,24.469997,Atlantic MDR
1997,2,24.674967,Gulf + Caribbean,23.960709,Atlantic MDR
1997,3,25.045033,Gulf + Caribbean,23.815313,Atlantic MDR
1997,4,25.388582,Gulf + Caribbean,24.118034,Atlantic MDR
1997,5,26.536776,Gulf + Caribbean,24.848024,Atlantic MDR
1997,6,27.787418,Gulf + Caribbean,25.910416,Atlantic MDR
1997,7,28.73755,Gulf + Caribbean,26.380709,Atlantic MDR
1997,8,28.955551,Gulf + Caribbean,26.792759,Atlantic MDR
1997,9,28.892914,Gulf + Caribbean,27.45447,Atlantic MDR
1997,10,27.985924,Gulf + Caribbean,27.476395,Atlantic MDR
1997,11,26.775583,Gulf + Caribbean,26.818626,Atlantic MDR
1997,12,26.05226,Gulf + Caribbean,25.616323,Atlantic MDR
1998,1,25.239273,Gulf + Caribbean,24.658047,Atlantic MDR
1998,2,24.820988,Gulf + Caribbean,24.368078,Atlantic MDR
1998,3,24.750837,Gulf + Caribbean,24.03058,Atlantic MDR
1998,4,25.467924,Gulf + Caribbean,24.186321,Atlantic MDR
1998,5,26.821484,Gulf + Caribbean,24.857735,Atlantic MDR
1998,6,28.501698,Gulf + Caribbean,25.817125,Atlantic MDR
1998,7,29.14484,Gulf + Caribbean,26.213411,Atlantic MDR
1998,8,29.480516,Gulf + Caribbean,27.071695,Atlantic MDR
1998,9,29.145224,Gulf + Caribbean,27.150057,Atlantic MDR
1998,10,28.433228,Gulf + Caribbean,27.222599,Atlantic MDR
1998,11,27.160902,Gulf + Caribbean,26.661705,Atlantic MDR
1998,12,26.250982,Gulf + Caribbean,25.471561,Atlantic MDR
1999,1,25.31529,Gulf + Caribbean,23.875422,Atlantic MDR
1999,2,24.8423,Gulf + Caribbean,23.350864,Atlantic MDR
1999,3,24.782026,Gulf + Caribbean,23.287838,Atlantic MDR
1999,4,25.709213,Gulf + Caribbean,23.662514,Atlantic MDR
1999,5,26.942,Gulf + Caribbean,24.689701,Atlantic MDR
1999,6,27.964838,Gulf + Caribbean,25.277487,Atlantic MDR
1999,7,28.413359,Gulf + Caribbean,26.052073,Atlantic MDR
1999,8,29.175665,Gulf + Caribbean,26.97905,Atlantic MDR
1999,9,29.002943,Gulf + Caribbean,27.28388,Atlantic MDR
1999,10,28.131807,Gulf + Caribbean,27.17971,Atlantic MDR
1999,11,26.938702,Gulf + Caribbean,26.425144,Atlantic MDR
1999,12,25.598421,Gulf + Caribbean,25.441803,Atlantic MDR
2000,1,24.578823,Gulf + Caribbean,23.948027,Atlantic MDR
2000,2,24.30704,Gulf + Caribbean,23.423012,Atlantic MDR
2000,3,24.769157,Gulf + Caribbean,23.657278,Atlantic MDR
2000,4,25.387417,Gulf + Caribbean,23.714132,Atlantic MDR
2000,5,26.73643,Gulf + Caribbean,24.260645,Atlantic MDR
2000,6,27.791382,Gulf + Caribbean,25.17577,Atlantic MDR
2000,7,28.48948,Gulf + Caribbean,25.847795,Atlantic MDR
2000,8,28.841686,Gulf + Caribbean,26.564335,Atlantic MDR
2000,9,28.957245,Gulf + Caribbean,26.907288,Atlantic MDR
2000,10,28.097162,Gulf + Caribbean,26.881384,Atlantic MDR
2000,11,27.063742,Gulf + Caribbean,25.958954,Atlantic MDR
2000,12,25.862856,Gulf + Caribbean,25.017372,Atlantic MDR
2001,1,24.698278,Gulf + Caribbean,24.075,Atlantic MDR
2001,2,24.62422,Gulf + Caribbean,23.717562,Atlantic MDR
2001,3,24.824804,Gulf + Caribbean,23.860931,Atlantic MDR
2001,4,25.446844,Gulf + Caribbean,23.924849,Atlantic MDR
2001,5,26.4856,Gulf + Caribbean,24.831432,Atlantic MDR
2001,6,27.928223,Gulf + Caribbean,25.504642,Atlantic MDR
2001,7,28.62765,Gulf + Caribbean,26.404083,Atlantic MDR
2001,8,29.004211,Gulf + Caribbean,27.00321,Atlantic MDR
2001,9,28.951248,Gulf + Caribbean,27.526133,Atlantic MDR
2001,10,28.144608,Gulf + Caribbean,27.397486,Atlantic MDR
2001,11,26.89046,Gulf + Caribbean,26.895248,Atlantic MDR
2001,12,26.048645,Gulf + Caribbean,25.80396,Atlantic MDR
2002,1,25.348175,Gulf + Caribbean,24.921387,Atlantic MDR
2002,2,24.701824,Gulf + Caribbean,24.265278,Atlantic MDR
2002,3,25.05369,Gulf + Caribbean,24.00354,Atlantic MDR
2002,4,25.878899,Gulf + Caribbean,23.770899,Atlantic MDR
2002,5,26.949152,Gulf + Caribbean,24.131496,Atlantic MDR
2002,6,27.8817,Gulf + Caribbean,25.04073,Atlantic MDR
2002,7,28.547829,Gulf + Caribbean,25.71304,Atlantic MDR
2002,8,29.05375,Gulf + Caribbean,26.619867,Atlantic MDR
2002,9,28.971766,Gulf + Caribbean,27.19813,Atlantic MDR
2002,10,28.456753,Gulf + Caribbean,27.359108,Atlantic MDR
2002,11,27.513575,Gulf + Caribbean,26.761938,Atlantic MDR
2002,12,26.22171,Gulf + Caribbean,25.439526,Atlantic MDR
2003,1,24.97423,Gulf + Caribbean,24.460062,Atlantic MDR
2003,2,24.77451,Gulf + Caribbean,23.629866,Atlantic MDR
2003,3,25.833422,Gulf + Caribbean,23.715975,Atlantic MDR
2003,4,25.874968,Gulf + Caribbean,23.889303,Atlantic MDR
2003,5,27.124014,Gulf + Caribbean,24.494295,Atlantic MDR
2003,6,28.120197,Gulf + Caribbean,25.41648,Atlantic MDR
2003,7,28.558224,Gulf + Caribbean,26.434835,Atlantic MDR
2003,8,29.0498,Gulf + Caribbean,27.39292,Atlantic MDR
2003,9,28.978132,Gulf + Caribbean,27.673895,Atlantic MDR
2003,10,28.691622,Gulf + Caribbean,27.703314,Atlantic MDR
2003,11,27.645584,Gulf + Caribbean,26.576233,Atlantic MDR
2003,12,26.035395,Gulf + Caribbean,25.722073,Atlantic MDR
2004,1,25.13719,Gulf + Caribbean,24.711393,Atlantic MDR
2004,2,25.017633,Gulf + Caribbean,24.237085,Atlantic MDR
2004,3,25.025032,Gulf + Caribbean,24.063644,Atlantic MDR
2004,4,25.676249,Gulf + Caribbean,24.325867,Atlantic MDR
2004,5,26.557743,Gulf + Caribbean,24.594452,Atlantic MDR
2004,6,28.060656,Gulf + Caribbean,25.539934,Atlantic MDR
2004,7,28.664343,Gulf + Caribbean,26.550303,Atlantic MDR
2004,8,29.051125,Gulf + Caribbean,27.392118,Atlantic MDR
2004,9,28.87592,Gulf + Caribbean,27.668343,Atlantic MDR
2004,10,28.482027,Gulf + Caribbean,27.669456,Atlantic MDR
2004,11,27.36638,Gulf + Caribbean,26.994543,Atlantic MDR
2004,12,26.183987,Gulf + Caribbean,25.670435,Atlantic MDR
2005,1,25.007647,Gulf + Caribbean,24.2035,Atlantic MDR
2005,2,24.565485,Gulf + Caribbean,23.721144,Atlantic MDR
2005,3,24.976665,Gulf + Caribbean,24.288536,Atlantic MDR
2005,4,25.783718,Gulf + Caribbean,24.687082,Atlantic MDR
2005,5,26.886839,Gulf + Caribbean,25.413006,Atlantic MDR
2005,6,28.40671,Gulf + Caribbean,26.230392,Atlantic MDR
2005,7,28.936039,Gulf + Caribbean,26.7351,Atlantic MDR
2005,8,29.46566,Gulf + Caribbean,27.341454,Atlantic MDR
2005,9,29.43706,Gulf + Caribbean,27.617826,Atlantic MDR
2005,10,28.616838,Gulf + Caribbean,27.297691,Atlantic MDR
2005,11,27.274563,Gulf + Caribbean,26.815638,Atlantic MDR
2005,12,26.07354,Gulf + Caribbean,25.864536,Atlantic MDR
2006,1,25.273146,Gulf + Caribbean,24.277552,Atlantic MDR
2006,2,24.780134,Gulf + Caribbean,23.695068,Atlantic MDR
2006,3,25.068336,Gulf + Caribbean,23.570795,Atlantic MDR
2006,4,25.68621,Gulf + Caribbean,24.20594,Atlantic MDR
2006,5,26.82048,Gulf + Caribbean,24.907269,Atlantic MDR
2006,6,28.037655,Gulf + Caribbean,25.54223,Atlantic MDR
2006,7,28.622765,Gulf + Caribbean,26.119677,Atlantic MDR
2006,8,29.005753,Gulf + Caribbean,27.293837,Atlantic MDR
2006,9,29.36916,Gulf + Caribbean,27.646448,Atlantic MDR
2006,10,28.612598,Gulf + Caribbean,27.639366,Atlantic MDR
2006,11,27.528429,Gulf + Caribbean,27.11759,Atlantic MDR
2006,12,26.178934,Gulf + Caribbean,25.531393,Atlantic MDR
2007,1,25.493183,Gulf + Caribbean,24.394075,Atlantic MDR
2007,2,25.025667,Gulf + Caribbean,24.165283,Atlantic MDR
2007,3,25.221563,Gulf + Caribbean,23.999683,Atlantic MDR
2007,4,25.818014,Gulf + Caribbean,24.218014,Atlantic MDR
2007,5,26.888794,Gulf + Caribbean,24.718641,Atlantic MDR
2007,6,27.949396,Gulf + Caribbean,25.231457,Atlantic MDR
2007,7,28.767237,Gulf + Caribbean,25.886013,Atlantic MDR
2007,8,29.200659,Gulf + Caribbean,26.659578,Atlantic MDR
2007,9,29.160536,Gulf + Caribbean,27.133715,Atlantic MDR
2007,10,28.6314,Gulf + Caribbean,27.076778,Atlantic MDR
2007,11,27.272417,Gulf + Caribbean,26.325857,Atlantic MDR
2007,12,26.21,Gulf + Caribbean,25.288527,Atlantic MDR
2008,1,25.328867,Gulf + Caribbean,24.32148,Atlantic MDR
2008,2,25.197105,Gulf + Caribbean,24.012455,Atlantic MDR
2008,3,24.978355,Gulf + Caribbean,23.865486,Atlantic MDR
2008,4,25.71212,Gulf + Caribbean,23.899937,Atlantic MDR
2008,5,26.711493,Gulf + Caribbean,24.885883,Atlantic MDR
2008,6,28.014551,Gulf + Caribbean,25.898745,Atlantic MDR
2008,7,28.557598,Gulf + Caribbean,26.482788,Atlantic MDR
2008,8,28.966156,Gulf + Caribbean,27.1628,Atlantic MDR
2008,9,28.940516,Gulf + Caribbean,27.651836,Atlantic MDR
2008,10,28.30245,Gulf + Caribbean,27.330452,Atlantic MDR
2008,11,26.976902,Gulf + Caribbean,26.483335,Atlantic MDR
2008,12,25.63144,Gulf + Caribbean,25.360865,Atlantic MDR
2009,1,24.973072,Gulf + Caribbean,23.930191,Atlantic MDR
2009,2,24.50052,Gulf + Caribbean,23.194626,Atlantic MDR
2009,3,24.404936,Gulf + Caribbean,23.158976,Atlantic MDR
2009,4,25.348118,Gulf + Caribbean,23.784058,Atlantic MDR
2009,5,26.578888,Gulf + Caribbean,24.667658,Atlantic MDR
2009,6,27.958054,Gulf + Caribbean,25.329014,Atlantic MDR
2009,7,28.83696,Gulf + Caribbean,26.620394,Atlantic MDR
2009,8,29.06721,Gulf + Caribbean,27.130314,Atlantic MDR
2009,9,29.285997,Gulf + Caribbean,27.570065,Atlantic MDR
2009,10,28.640965,Gulf + Caribbean,27.502083,Atlantic MDR
2009,11,27.487,Gulf + Caribbean,26.710485,Atlantic MDR
2009,12,26.365482,Gulf + Caribbean,25.520807,Atlantic MDR
2010,1,25.026041,Gulf + Caribbean,24.938375,Atlantic MDR
2010,2,24.718248,Gulf + Caribbean,24.56531,Atlantic MDR
2010,3,24.56974,Gulf + Caribbean,24.876774,Atlantic MDR
2010,4,25.63533,Gulf + Caribbean,25.200178,Atlantic MDR
2010,5,27.144613,Gulf + Caribbean,25.82632,Atlantic MDR
2010,6,28.738325,Gulf + Caribbean,26.232645,Atlantic MDR
2010,7,29.1189,Gulf + Caribbean,26.93438,Atlantic MDR
2010,8,29.667421,Gulf + Caribbean,27.720951,Atlantic MDR
2010,9,29.405651,Gulf + Caribbean,27.473423,Atlantic MDR
2010,10,28.363726,Gulf + Caribbean,27.728846,Atlantic MDR
2010,11,27.003588,Gulf + Caribbean,26.95395,Atlantic MDR
2010,12,25.597452,Gulf + Caribbean,25.97234,Atlantic MDR
2011,1,24.602287,Gulf + Caribbean,25.056309,Atlantic MDR
2011,2,24.527437,Gulf + Caribbean,24.021242,Atlantic MDR
2011,3,24.813179,Gulf + Caribbean,23.811008,Atlantic MDR
2011,4,26.089806,Gulf + Caribbean,24.143906,Atlantic MDR
2011,5,26.919031,Gulf + Caribbean,24.753197,Atlantic MDR
2011,6,28.147436,Gulf + Caribbean,25.90255,Atlantic MDR
2011,7,28.914503,Gulf + Caribbean,26.497837,Atlantic MDR
2011,8,29.37791,Gulf + Caribbean,26.95034,Atlantic MDR
2011,9,29.234211,Gulf + Caribbean,27.372192,Atlantic MDR
2011,10,28.38884,Gulf + Caribbean,27.34026,Atlantic MDR
2011,11,27.364185,Gulf + Caribbean,26.35463,Atlantic MDR
2011,12,26.183947,Gulf + Caribbean,25.318356,Atlantic MDR
2012,1,25.29682,Gulf + Caribbean,24.210129,Atlantic MDR
2012,2,24.908388,Gulf + Caribbean,23.54558,Atlantic MDR
2012,3,25.227404,Gulf + Caribbean,23.416298,Atlantic MDR
2012,4,26.008238,Gulf + Caribbean,23.906643,Atlantic MDR
2012,5,26.904015,Gulf + Caribbean,24.650219,Atlantic MDR
2012,6,28.070974,Gulf + Caribbean,25.589386,Atlantic MDR
2012,7,28.740198,Gulf + Caribbean,26.461475,Atlantic MDR
2012,8,29.14342,Gulf + Caribbean,27.3636,Atlantic MDR
2012,9,29.11682,Gulf + Caribbean,28.093447,Atlantic MDR
2012,10,28.718039,Gulf + Caribbean,27.709404,Atlantic MDR
2012,11,27.071026,Gulf + Caribbean,26.844362,Atlantic MDR
2012,12,26.23783,Gulf + Caribbean,25.741154,Atlantic MDR
2013,1,25.404312,Gulf + Caribbean,24.423502,Atlantic MDR
2013,2,24.963207,Gulf + Caribbean,23.865171,Atlantic MDR
2013,3,24.943445,Gulf + Caribbean,24.296757,Atlantic MDR
2013,4,25.761059,Gulf + Caribbean,24.251804,Atlantic MDR
2013,5,26.405602,Gulf + Caribbean,24.982344,Atlantic MDR
2013,6,27.73255,Gulf + Caribbean,25.565203,Atlantic MDR
2013,7,28.388094,Gulf + Caribbean,26.235334,Atlantic MDR
2013,8,29.0168,Gulf + Caribbean,26.986408,Atlantic MDR
2013,9,29.11779,Gulf + Caribbean,27.4625,Atlantic MDR
2013,10,28.45714,Gulf + Caribbean,27.765665,Atlantic MDR
2013,11,27.451166,Gulf + Caribbean,26.533506,Atlantic MDR
2013,12,26.32271,Gulf + Caribbean,25.452501,Atlantic MDR
2014,1,25.397533,Gulf + Caribbean,24.167934,Atlantic MDR
2014,2,25.237598,Gulf + Caribbean,23.389923,Atlantic MDR
2014,3,25.392288,Gulf + Caribbean,23.095308,Atlantic MDR
2014,4,25.849733,Gulf + Caribbean,23.849161,Atlantic MDR
2014,5,26.635065,Gulf + Caribbean,24.45584,Atlantic MDR
2014,6,27.97634,Gulf + Caribbean,25.312962,Atlantic MDR
2014,7,28.739353,Gulf + Caribbean,26.177229,Atlantic MDR
2014,8,29.156862,Gulf + Caribbean,26.942322,Atlantic MDR
2014,9,29.125425,Gulf + Caribbean,27.724438,Atlantic MDR
2014,10,28.763945,Gulf + Caribbean,27.71832,Atlantic MDR
2014,11,27.433033,Gulf + Caribbean,26.670416,Atlantic MDR
2014,12,26.47484,Gulf + Caribbean,25.668451,Atlantic MDR
2015,1,25.736027,Gulf + Caribbean,24.541145,Atlantic MDR
2015,2,25.09316,Gulf + Caribbean,23.944464,Atlantic MDR
2015,3,25.657059,Gulf + Caribbean,23.638262,Atlantic MDR
2015,4,26.302532,Gulf + Caribbean,23.712126,Atlantic MDR
2015,5,27.233784,Gulf + Caribbean,24.883612,Atlantic MDR
2015,6,28.046392,Gulf + Caribbean,25.310074,Atlantic MDR
2015,7,28.807634,Gulf + Caribbean,26.485853,Atlantic MDR
2015,8,29.127945,Gulf + Caribbean,27.199244,Atlantic MDR
2015,9,29.413292,Gulf + Caribbean,27.94372,Atlantic MDR
2015,10,28.60298,Gulf + Caribbean,27.93047,Atlantic MDR
2015,11,27.850935,Gulf + Caribbean,26.812222,Atlantic MDR
2015,12,26.864935,Gulf + Caribbean,25.793615,Atlantic MDR
2016,1,25.89033,Gulf + Caribbean,24.835423,Atlantic MDR
2016,2,25.035934,Gulf + Caribbean,24.009834,Atlantic MDR
2016,3,25.506798,Gulf + Caribbean,23.682222,Atlantic MDR
2016,4,26.154444,Gulf + Caribbean,24.073824,Atlantic MDR
2016,5,27.500454,Gulf + Caribbean,24.909348,Atlantic MDR
2016,6,28.358541,Gulf + Caribbean,25.72384,Atlantic MDR
2016,7,29.354935,Gulf + Caribbean,26.395926,Atlantic MDR
2016,8,29.538574,Gulf + Caribbean,27.003363,Atlantic MDR
2016,9,29.505453,Gulf + Caribbean,27.334318,Atlantic MDR
2016,10,28.902374,Gulf + Caribbean,27.23111,Atlantic MDR
2016,11,27.517338,Gulf + Caribbean,26.716324,Atlantic MDR
2016,12,26.628716,Gulf + Caribbean,25.600859,Atlantic MDR
2017,1,25.921478,Gulf + Caribbean,24.604204,Atlantic MDR
2017,2,25.399803,Gulf + Caribbean,23.840385,Atlantic MDR
2017,3,25.322325,Gulf + Caribbean,23.638992,Atlantic MDR
2017,4,26.08158,Gulf + Caribbean,23.949917,Atlantic MDR
2017,5,27.055002,Gulf + Caribbean,25.208412,Atlantic MDR
2017,6,28.04117,Gulf + Caribbean,25.970695,Atlantic MDR
2017,7,28.976757,Gulf + Caribbean,26.547934,Atlantic MDR
2017,8,29.32105,Gulf + Caribbean,27.473406,Atlantic MDR
2017,9,29.267735,Gulf + Caribbean,27.689322,Atlantic MDR
2017,10,28.664248,Gulf + Caribbean,27.459871,Atlantic MDR
2017,11,27.686562,Gulf + Caribbean,26.862865,Atlantic MDR
2017,12,26.771292,Gulf + Caribbean,25.857273,Atlantic MDR
2018,1,25.507484,Gulf + Caribbean,24.449297,Atlantic MDR
2018,2,25.066185,Gulf + Caribbean,23.296196,Atlantic MDR
2018,3,25.346579,Gulf + Caribbean,23.56089,Atlantic MDR
2018,4,25.983288,Gulf + Caribbean,23.72098,Atlantic MDR
2018,5,26.915033,Gulf + Caribbean,24.384684,Atlantic MDR
2018,6,28.062025,Gulf + Caribbean,24.86732,Atlantic MDR
2018,7,28.796755,Gulf + Caribbean,25.641735,Atlantic MDR
2018,8,29.176147,Gulf + Caribbean,26.752794,Atlantic MDR
2018,9,29.310001,Gulf + Caribbean,27.120848,Atlantic MDR
2018,10,28.4152,Gulf + Caribbean,27.259445,Atlantic MDR
2018,11,27.55603,Gulf + Caribbean,26.122423,Atlantic MDR
2018,12,26.506079,Gulf + Caribbean,25.147577,Atlantic MDR
2019,1,25.391788,Gulf + Caribbean,24.070135,Atlantic MDR
2019,2,25.147709,Gulf + Caribbean,23.506151,Atlantic MDR
2019,3,25.256796,Gulf + Caribbean,23.47223,Atlantic MDR
2019,4,25.853014,Gulf + Caribbean,23.882685,Atlantic MDR
2019,5,26.986315,Gulf + Caribbean,24.679577,Atlantic MDR
2019,6,28.3256,Gulf + Caribbean,25.774336,Atlantic MDR
2019,7,28.820066,Gulf + Caribbean,26.225067,Atlantic MDR
2019,8,29.132225,Gulf + Caribbean,27.12462,Atlantic MDR
2019,9,29.153358,Gulf + Caribbean,27.73,Atlantic MDR
2019,10,28.727581,Gulf + Caribbean,27.433605,Atlantic MDR
2019,11,27.662142,Gulf + Caribbean,26.410803,Atlantic MDR
2019,12,26.560131,Gulf + Caribbean,25.407883,Atlantic MDR
2020,1,25.653782,Gulf + Caribbean,24.549456,Atlantic MDR
2020,2,25.54227,Gulf + Caribbean,24.107645,Atlantic MDR
2020,3,25.591455,Gulf + Caribbean,24.316614,Atlantic MDR
2020,4,26.415882,Gulf + Caribbean,24.47178,Atlantic MDR
2020,5,27.148848,Gulf + Caribbean,24.941797,Atlantic MDR
2020,6,28.168364,Gulf + Caribbean,25.727999,Atlantic MDR
2020,7,29.036448,Gulf + Caribbean,26.638508,Atlantic MDR
2020,8,29.442562,Gulf + Caribbean,27.412142,Atlantic MDR
2020,9,29.467651,Gulf + Caribbean,27.755037,Atlantic MDR
2020,10,28.694933,Gulf + Caribbean,27.644785,Atlantic MDR
2020,11,27.549288,Gulf + Caribbean,26.723072,Atlantic MDR
2020,12,26.17263,Gulf + Caribbean,25.623407,Atlantic MDR
2021,1,25.280527,Gulf + Caribbean,24.605328,Atlantic MDR
2021,2,25.01,Gulf + Caribbean,24.016754,Atlantic MDR
2021,3,25.220531,Gulf + Caribbean,23.776306,Atlantic MDR
2021,4,25.958725,Gulf + Caribbean,24.394957,Atlantic MDR
2021,5,27.060469,Gulf + Caribbean,24.610382,Atlantic MDR
2021,6,27.997387,Gulf + Caribbean,25.555037,Atlantic MDR
2021,7,28.486845,Gulf + Caribbean,26.169437,Atlantic MDR
2021,8,29.04816,Gulf + Caribbean,27.103914,Atlantic MDR
2021,9,29.171974,Gulf + Caribbean,27.701874,Atlantic MDR
2021,10,28.875784,Gulf + Caribbean,27.544697,Atlantic MDR
2021,11,27.618666,Gulf + Caribbean,26.659803,Atlantic MDR
2021,12,26.523354,Gulf + Caribbean,25.708199,Atlantic MDR
2022,1,25.706146,Gulf + Caribbean,24.909391,Atlantic MDR
2022,2,25.2622,Gulf + Caribbean,24.283857,Atlantic MDR
2022,3,25.315557,Gulf + Caribbean,23.568214,Atlantic MDR
2022,4,26.10931,Gulf + Caribbean,24.037537,Atlantic MDR
2022,5,27.202415,Gulf + Caribbean,24.831669,Atlantic MDR
2022,6,28.171284,Gulf + Caribbean,25.776207,Atlantic MDR
2022,7,28.910736,Gulf + Caribbean,26.453701,Atlantic MDR
2022,8,29.311619,Gulf + Caribbean,27.06697,Atlantic MDR
2022,9,29.44098,Gulf + Caribbean,27.729591,Atlantic MDR
2022,10,28.516998,Gulf + Caribbean,27.359365,Atlantic MDR
2022,11,27.51792,Gulf + Caribbean,26.423204,Atlantic MDR
2022,12,26.459536,Gulf + Caribbean,25.763231,Atlantic MDR
2023,1,25.509602,Gulf + Caribbean,24.68548,Atlantic MDR
2023,2,25.115921,Gulf + Caribbean,23.719835,Atlantic MDR
2023,3,25.424738,Gulf + Caribbean,24.239073,Atlantic MDR
2023,4,26.276533,Gulf + Caribbean,24.695766,Atlantic MDR
2023,5,27.3534,Gulf + Caribbean,25.778261,Atlantic MDR
2023,6,28.524162,Gulf + Caribbean,26.8764,Atlantic MDR
2023,7,29.59783,Gulf + Caribbean,27.44913,Atlantic MDR
2023,8,29.798037,Gulf + Caribbean,28.081758,Atlantic MDR
2023,9,29.771734,Gulf + Caribbean,28.56787,Atlantic MDR
2023,10,29.158333,Gulf + Caribbean,28.33773,Atlantic MDR
2023,11,27.95584,Gulf + Caribbean,27.27723,Atlantic MDR
2023,12,26.603094,Gulf + Caribbean,26.547518,Atlantic MDR
2024,1,25.549868,Gulf + Caribbean,25.55103,Atlantic MDR
2024,2,25.283686,Gulf + Caribbean,25.441898,Atlantic MDR
2024,3,25.559612,Gulf + Caribbean,25.122995,Atlantic MDR
2024,4,26.12721,Gulf + Caribbean,25.380758,Atlantic MDR
2024,5,27.646225,Gulf + Caribbean,25.953136,Atlantic MDR
2024,6,28.866955,Gulf + Caribbean,26.758268,Atlantic MDR
2024,7,29.559673,Gulf + Caribbean,27.022272,Atlantic MDR
2024,8,29.903921,Gulf + Caribbean,27.531832,Atlantic MDR
2024,9,29.852875,Gulf + Caribbean,28.212687,Atlantic MDR
2024,10,29.226887,Gulf + Caribbean,27.955168,Atlantic MDR
2024,11,27.85889,Gulf + Caribbean,27.070353,Atlantic MDR
2024,12,26.709932,Gulf + Caribbean,25.956583,Atlantic MDR
2025,1,25.449743,Gulf + Caribbean,24.878502,Atlantic MDR
2025,2,25.39902,Gulf + Caribbean,24.224026,Atlantic MDR
2025,3,25.528685,Gulf + Caribbean,23.98642,Atlantic MDR
2025,4,26.126842,Gulf + Caribbean,23.945597,Atlantic MDR
2025,5,27.26179,Gulf + Caribbean,24.732838,Atlantic MDR
2025,6,28.39507,Gulf + Caribbean,25.547947,Atlantic MDR
2025,7,29.13802,Gulf + Caribbean,26.684029,Atlantic MDR
